frame,timestamp,dev_zscore,grip_spread,dev_alert,grip_alert,combined_alert
530,1788037341.748135,110.70178836960977,0.21742486953735352,True,True,True
531,1788037341.7779813,102.83260993772177,0.20249438285827637,True,True,True
532,1788037341.809611,100.43560118087566,0.2091006338596344,True,True,True
533,1788037341.8427932,100.49119299802419,0.2159082591533661,True,True,True
534,1788037341.8776932,99.15445398734667,0.21293118596076965,True,True,True
535,1788037341.920126,97.67415055703091,0.20635567605495453,True,True,True
536,1788037341.957387,97.5333230106237,0.2119605988264084,True,True,True
537,1788037341.9922402,103.53554505098197,0.21690340340137482,False,True,True
538,1788037342.048788,102.10760906048722,0.21099373698234558,True,True,True
539,1788037342.0770977,101.89395592897169,0.21597200632095337,True,True,True
540,1788037342.1194956,101.16414204642994,0.20668041706085205,True,False,True
543,1788037342.2493849,97.03475213968883,0.20205149054527283,False,False,False
544,1788037342.2813027,110.72799373549417,0.2621433734893799,False,False,False
545,1788037342.3090158,85.50521286850163,0.19508695602416992,False,False,False
546,1788037342.3760414,84.5069918932605,0.1776951104402542,False,False,False
547,1788037342.427006,87.05088043454705,0.1883615255355835,False,False,False
548,1788037342.4612184,83.94003419819504,0.20722147822380066,False,False,False
557,1788037342.9426012,170.51643481111807,0.34829482436180115,False,False,False
558,1788037342.9591727,161.47614749183913,0.3227989971637726,False,False,False
559,1788037343.009447,161.99240640016504,0.39628714323043823,False,False,False
560,1788037343.0426776,158.53142743796948,0.3953936696052551,True,True,True
561,1788037343.100038,149.29023566730706,0.3853119909763336,True,True,True
562,1788037343.1357157,156.80003687265324,0.4039868116378784,True,True,True
563,1788037343.1754742,147.44590759335836,0.40395495295524597,True,True,True
564,1788037343.20926,148.23350674023396,0.40158653259277344,False,True,True
565,1788037343.2437901,149.0753385850654,0.4027133584022522,False,True,True
566,1788037343.277998,151.71087871817647,0.4107704758644104,False,True,True
567,1788037343.3130615,150.4350432576596,0.4011848568916321,False,True,True
568,1788037343.3473585,147.7183618430776,0.3954697847366333,False,True,True
569,1788037343.3841248,147.93212928717082,0.41850805282592773,False,True,True
570,1788037343.417167,147.51853626302525,0.41308820247650146,False,True,True
571,1788037343.4327707,150.476919446213,0.41038912534713745,False,False,False
572,1788037343.4686925,147.05822946727338,0.4053843021392822,False,False,False
573,1788037343.5037262,150.71844852302667,0.40954872965812683,False,False,False
574,1788037343.5413578,151.23942457096277,0.4219898283481598,False,False,False
575,1788037343.556006,151.60975778271455,0.4010261297225952,False,False,False
576,1788037343.6053195,152.4614889954336,0.4175993800163269,False,False,False
577,1788037343.623262,152.20132124266314,0.42114242911338806,False,False,False
578,1788037343.6744213,153.05676094214107,0.4188188314437866,False,False,False
579,1788037343.7087934,153.75535720699568,0.41548484563827515,False,False,False
580,1788037343.7440329,154.57123144385747,0.41942518949508667,False,False,False
581,1788037343.7794328,153.46196324042367,0.40680062770843506,False,False,False
582,1788037343.8115642,152.61103602406018,0.41897982358932495,False,False,False
583,1788037343.8465044,154.84919053949167,0.41082364320755005,False,False,False
584,1788037343.8810048,152.6289016090905,0.4140011668205261,False,False,False
585,1788037343.9178445,151.73138163499868,0.41590774059295654,False,False,False
586,1788037343.9503567,163.25591401034094,0.4184170961380005,False,False,False
587,1788037343.9854784,170.1988552912112,0.36848801374435425,False,False,False
588,1788037344.0168996,173.33825840597,0.2833816707134247,False,False,False
589,1788037344.0508692,188.01006642292174,0.329243004322052,False,False,False
590,1788037344.0857506,201.0037504969569,0.3686496317386627,False,False,False
591,1788037344.1052148,205.3629254715109,0.35765600204467773,False,False,False
592,1788037344.1552722,195.7028244386651,0.3485388159751892,False,False,False
613,1788037345.131757,99.19926415952358,0.12429523468017578,True,True,True
614,1788037345.1656759,160.32310531457256,0.3002154231071472,True,True,True
615,1788037345.200889,185.3026924228593,0.4546324610710144,True,True,True
616,1788037345.2343214,179.48415581180674,0.46232134103775024,True,True,True
617,1788037345.2682693,173.02294391545948,0.4729834198951721,True,True,True
618,1788037345.3017707,169.25418152154384,0.4781853258609772,True,True,True
619,1788037345.3368006,166.69419475623621,0.5217104554176331,True,True,True
620,1788037345.371835,165.1937260509598,0.5119067430496216,True,True,True
621,1788037345.4056282,167.08984075128458,0.5281239748001099,False,True,True
622,1788037345.4400992,164.93294554875177,0.5144370794296265,False,True,True
623,1788037345.4743922,166.88189882294395,0.5246323943138123,False,True,True
624,1788037345.5090492,162.77475931512234,0.5274283289909363,False,True,True
625,1788037345.5437138,160.35633355956296,0.5310356616973877,False,True,True
626,1788037345.5773997,169.54626815780426,0.5510594844818115,False,True,True
627,1788037345.6124518,165.36888281154344,0.5321487784385681,False,True,True
628,1788037345.646879,169.13952869526497,0.5603150725364685,False,True,True
629,1788037345.680223,163.9083100995761,0.5405488610267639,False,False,False
630,1788037345.7150126,169.43425939143762,0.5579631924629211,False,False,False
631,1788037345.7485251,164.25808387806026,0.5327249765396118,False,False,False
632,1788037345.766125,171.17579794604052,0.5635226964950562,False,False,False
633,1788037345.817053,165.87643552710114,0.5276657938957214,False,False,False
634,1788037345.8518097,169.45759671935252,0.5580439567565918,False,False,False
635,1788037345.8852122,168.62126351703515,0.5469481945037842,False,False,False
636,1788037345.9185128,170.12923562401906,0.5583972930908203,False,False,False
637,1788037345.9512787,170.00840140431424,0.5677646398544312,False,False,False
638,1788037345.985325,168.38524908158493,0.5590184330940247,False,False,False
639,1788037346.0201166,175.18624530442676,0.5700743198394775,False,False,False
640,1788037346.054834,169.35005207432474,0.5499895215034485,False,False,False
641,1788037346.0892813,174.78395215132593,0.5672156810760498,False,False,False
642,1788037346.144159,175.40913854299697,0.5684640407562256,False,False,False
643,1788037346.1780689,184.6450697399884,0.5687786936759949,False,False,False
644,1788037346.2124631,192.54159223847745,0.5632116794586182,False,False,False
645,1788037346.2473059,206.35440160248126,0.5729038715362549,False,False,False
646,1788037346.2813015,215.9124445611867,0.5885579586029053,False,False,False
647,1788037346.315974,219.20930044115798,0.6006675362586975,False,False,False
648,1788037346.3510628,212.1324130120619,0.6079385876655579,False,False,False
649,1788037346.3844752,206.65430472766963,0.6055862903594971,False,False,False
650,1788037346.4184294,202.89312988517116,0.6000165939331055,False,False,False
651,1788037346.4517546,201.89683948717737,0.5979760885238647,False,False,False
652,1788037346.4864116,200.8304733525747,0.5867414474487305,False,False,False
653,1788037346.5201619,203.5096486708916,0.5910588502883911,False,False,False
654,1788037346.558318,204.03817439794932,0.5945711731910706,False,False,False
655,1788037346.593077,205.77866116065357,0.5910394787788391,False,False,False
656,1788037346.627855,206.2590411147949,0.595314621925354,False,False,False
657,1788037346.662523,207.11554204532268,0.6005607843399048,False,False,False
658,1788037346.6945028,205.61121967047575,0.5951120853424072,False,False,False
659,1788037346.7280743,206.36843444669066,0.5988523960113525,False,False,False
660,1788037346.7627246,204.77443554515793,0.5957193374633789,False,False,False
661,1788037346.7965932,205.38082170131534,0.5949751734733582,False,False,False
662,1788037346.8143933,205.20695529081974,0.5926343202590942,False,False,False
663,1788037346.8649669,203.65345637608715,0.5951386094093323,False,False,False
664,1788037346.8996007,205.07362410720881,0.5947707891464233,False,False,False
665,1788037346.9344141,205.3177690777711,0.5936267375946045,False,False,False
666,1788037346.9679456,203.99990116262754,0.604015588760376,False,False,False
667,1788037347.0024636,202.81460790404603,0.6125766038894653,False,False,False
668,1788037347.0360577,199.7624929436303,0.6211098432540894,False,False,False
669,1788037347.069468,182.72360707689174,0.5501636266708374,False,False,False
672,1788037347.202269,124.45632408441922,0.32336050271987915,False,False,False
673,1788037347.236745,134.2836591039758,0.3328031897544861,False,False,False
682,1788037347.682795,197.04796162428437,0.36599382758140564,False,False,False
683,1788037347.7019124,235.14624768728336,0.28817975521087646,False,False,False
684,1788037347.7503514,226.305003101253,0.339841365814209,True,False,True
685,1788037347.7850308,255.05173414741708,0.44821634888648987,True,True,True
686,1788037347.8198123,265.57927499920623,0.5550447702407837,True,True,True
687,1788037347.8392057,234.25400572993158,0.5645818710327148,True,True,True
688,1788037347.8912923,216.1537170764124,0.579089879989624,True,True,True
689,1788037347.9222276,206.43516542785838,0.5856072306632996,True,True,True
690,1788037347.9411995,184.58673711934745,0.584000289440155,False,True,True
691,1788037347.990733,179.887561120676,0.5768136978149414,False,True,True
692,1788037348.0244439,165.53613138334464,0.37610843777656555,False,False,False
693,1788037348.0634181,143.35124402085057,0.24380412697792053,False,False,False
697,1788037348.2299292,239.84583899407883,0.46475937962532043,False,False,False
698,1788037348.2802455,200.4725216644806,0.31992051005363464,False,False,False
699,1788037348.3137035,160.31054287660808,0.3434532880783081,False,False,False
700,1788037348.348139,145.4816927270088,0.2815757691860199,False,False,False
701,1788037348.3829699,151.5836692768272,0.290846586227417,False,False,False
702,1788037348.4175098,170.07539655575536,0.38390490412712097,False,False,False
703,1788037348.4514256,192.9011597436219,0.4277172088623047,False,False,False
704,1788037348.4858727,189.92741476940674,0.4808899164199829,False,True,True
705,1788037348.5205429,193.8711515616203,0.5054404139518738,True,True,True
706,1788037348.5504594,199.77385967844882,0.5373916625976562,True,True,True
707,1788037348.590364,231.07382474332206,0.5963724851608276,True,True,True
708,1788037348.6245852,269.52013604294524,0.34517592191696167,True,True,True
709,1788037348.659013,296.2939285058169,0.5685141086578369,True,True,True
710,1788037348.6935546,313.44355865904265,0.6661615967750549,True,True,True
876,1788037356.5623348,325.618408669093,0.18050697445869446,True,True,True
877,1788037356.596722,317.20324176194873,0.16226401925086975,True,True,True
879,1788037356.6839626,308.6790530196533,0.1700029969215393,True,True,True
941,1788037359.5469255,319.2988953198982,0.14726729691028595,True,True,True
945,1788037359.712952,343.25010192596795,0.0706949308514595,True,True,True
949,1788037359.8982313,271.91645492913955,0.06525269895792007,True,False,True
950,1788037359.9175508,286.6327524986028,0.22907130420207977,True,True,True
951,1788037359.9666274,287.79010241038065,0.23863567411899567,True,True,True
952,1788037360.001232,282.0439852404121,0.23861387372016907,True,True,True
954,1788037360.0698276,321.37686737760566,0.3955078423023224,True,True,True
955,1788037360.0957417,321.7394042894898,0.40838760137557983,True,True,True
956,1788037360.1388729,320.6088883463331,0.4160228371620178,True,True,True
957,1788037360.173768,321.0159781478855,0.41612866520881653,True,True,True
958,1788037360.2078466,319.75519184641485,0.4129539728164673,True,True,True
959,1788037360.2414248,317.4205196258219,0.3987799286842346,True,True,True
960,1788037360.2774734,311.66317632616614,0.39399170875549316,True,True,True
961,1788037360.310052,317.439544145417,0.40549522638320923,False,False,False
962,1788037360.3432508,321.90670353492396,0.4156504273414612,False,False,False
963,1788037360.377221,336.4932198958496,0.44086188077926636,True,True,True
964,1788037360.411048,330.7649185582249,0.45307672023773193,False,True,True
965,1788037360.4441698,327.85190940443823,0.42986220121383667,False,True,True
966,1788037360.4791937,327.1170932820905,0.4402678906917572,False,True,True
967,1788037360.514055,327.04369067793465,0.43505626916885376,False,True,True
968,1788037360.5475457,324.9605537460828,0.4400237202644348,False,False,False
969,1788037360.5660083,321.9084477709413,0.4398759603500366,False,False,False
970,1788037360.6169953,320.53322411252896,0.4413102865219116,False,False,False
971,1788037360.651639,319.64553433240656,0.4487057626247406,False,False,False
972,1788037360.6868181,318.33700899063365,0.4610728323459625,False,False,False
973,1788037360.7206492,316.7854129492787,0.4712672233581543,False,False,False
974,1788037360.7584465,313.64459784880455,0.4885031580924988,False,False,False
975,1788037360.7922983,312.58264716905285,0.5020684003829956,False,False,False
976,1788037360.8255644,308.7848816520497,0.5164161920547485,False,False,False
977,1788037360.855414,303.1934284366765,0.52699214220047,False,False,False
978,1788037360.8892279,296.2325573920088,0.5266393423080444,False,False,False
979,1788037360.9080005,293.040350030341,0.5357441306114197,False,False,False
980,1788037360.9578092,290.77326893401795,0.5438297986984253,False,False,False
981,1788037360.9928024,288.92868206233163,0.5523784756660461,False,False,False
982,1788037361.0284922,291.29967922225455,0.5413370728492737,False,False,False
983,1788037361.060129,292.1624104523201,0.5535175800323486,False,False,False
984,1788037361.0978556,293.9598826377097,0.5704109072685242,False,False,False
985,1788037361.1295552,294.0698757216505,0.57098388671875,False,False,False
986,1788037361.1640372,292.4958728421594,0.5715911388397217,False,False,False
987,1788037361.1993608,289.99621784368105,0.5709059238433838,False,False,False
988,1788037361.2340558,290.4792238156925,0.5663130283355713,False,False,False
989,1788037361.2674472,291.402878146034,0.5595612525939941,False,False,False
990,1788037361.3026636,291.6217028871817,0.5647741556167603,False,False,False
991,1788037361.3360617,289.8019137550169,0.5605775117874146,False,False,False
992,1788037361.3699474,290.46301915207,0.5685315728187561,False,False,False
993,1788037361.403664,290.23864587190644,0.5753469467163086,False,False,False
994,1788037361.4372027,291.6005676662656,0.5632107853889465,False,False,False
995,1788037361.4717133,290.0519827210102,0.5467772483825684,False,False,False
996,1788037361.505261,287.3454652113617,0.5362534523010254,False,False,False
997,1788037361.5422094,291.8278214163473,0.5201337337493896,False,False,False
998,1788037361.5736215,296.64163894250106,0.4912263751029968,False,False,False
999,1788037361.608334,286.3785278882637,0.4735592007637024,False,False,False
1000,1788037361.6427705,285.20853478208915,0.45334064960479736,False,False,False
1001,1788037361.6763878,280.8087436910713,0.4381905198097229,False,False,False
1002,1788037361.7116005,274.58762441636645,0.42629918456077576,False,False,False
1003,1788037361.744315,277.80050531707195,0.41917896270751953,False,False,False
1004,1788037361.7787986,280.3527838733657,0.3975655138492584,False,False,False
1005,1788037361.8128,276.99731282642375,0.38423794507980347,False,False,False
1006,1788037361.846202,283.8262413265109,0.3708544969558716,False,False,False
1007,1788037361.8800333,287.70713340696875,0.3459794223308563,False,False,False
1008,1788037361.9162316,281.33804824659563,0.323625385761261,False,False,False
1009,1788037361.948595,284.2627181783932,0.32931968569755554,False,False,False
1010,1788037361.982458,289.03918863474547,0.2654259204864502,False,False,False
1011,1788037362.0172467,290.6336043535658,0.3154872953891754,False,False,False
1012,1788037362.0506618,295.0558420741087,0.3729376792907715,False,False,False
1013,1788037362.0844336,296.61535833120746,0.3814074993133545,False,False,False
1014,1788037362.1189306,301.14807461983025,0.4085042178630829,False,False,False
1015,1788037362.1523404,300.5802887279359,0.4291902184486389,False,False,False
1016,1788037362.185664,299.2523553872591,0.4347471594810486,False,False,False
1017,1788037362.220198,300.1260618831632,0.4421355128288269,False,False,False
1018,1788037362.2547538,301.02800872693905,0.4511246681213379,False,False,False
1019,1788037362.2883468,301.92768291575845,0.45766526460647583,False,False,False
1020,1788037362.3222709,302.70813139873604,0.4708506166934967,False,True,True
1021,1788037362.3570468,303.47550701570566,0.4781143069267273,False,True,True
1022,1788037362.390329,303.17449180616916,0.4767414927482605,False,True,True
1023,1788037362.418252,304.4954088625672,0.48360317945480347,False,True,True
1024,1788037362.4586036,305.0251749409857,0.48625046014785767,False,True,True
1025,1788037362.4911845,303.7426085477901,0.4847738742828369,False,False,False
1026,1788037362.526372,302.6798034901417,0.4833911657333374,False,False,False
1027,1788037362.5612624,302.6209718435228,0.4925905764102936,False,False,False
1028,1788037362.5957146,302.475710709395,0.4979608952999115,False,False,False
1029,1788037362.6304283,302.4598399990471,0.49307385087013245,False,False,False
1030,1788037362.6637564,301.98717877710095,0.4784553647041321,False,False,False
1031,1788037362.6970782,300.6152947736545,0.45275557041168213,False,False,False
1032,1788037362.7305658,300.06005013083745,0.42156803607940674,False,False,False
1033,1788037362.765381,300.08220627057995,0.3977399170398712,False,False,False
1034,1788037362.79993,300.89201765077235,0.3598267138004303,False,False,False
1035,1788037362.8332283,305.55965929357836,0.33686867356300354,False,False,False
1036,1788037362.8666506,306.22016623168287,0.328122615814209,False,False,False
1037,1788037362.9026976,305.1021414178974,0.3207398056983948,False,False,False
1038,1788037362.9345737,304.05902855034066,0.29846832156181335,False,False,False
1039,1788037362.9678774,300.70844254895746,0.27439871430397034,False,False,False
1040,1788037363.0027618,301.42896369319334,0.2225443422794342,False,False,False
1041,1788037363.035862,303.07903444860835,0.14473341405391693,False,False,False
1042,1788037363.0702364,306.91902715188195,0.157483771443367,False,False,False
1043,1788037363.105087,311.7880643277034,0.15781143307685852,False,False,False
1044,1788037363.140726,313.817580860475,0.1732420176267624,False,False,False
1045,1788037363.1741855,311.5777143804236,0.1790369302034378,False,False,False
1046,1788037363.1914625,312.47935175191253,0.18305695056915283,False,False,False
1047,1788037363.2428122,310.38967229073756,0.187079519033432,False,False,False
1048,1788037363.27642,308.9929457209627,0.18486039340496063,False,False,False
1049,1788037363.3287265,306.91124814427826,0.1808278113603592,False,False,False
1050,1788037363.3694034,305.8967342879478,0.17689847946166992,False,False,False
1051,1788037363.4024243,305.6305068973972,0.1925133764743805,False,False,False
1052,1788037363.4369826,304.37505897032105,0.2001095563173294,False,False,False
1053,1788037363.4711623,302.38434794415156,0.19988897442817688,False,False,False
1054,1788037363.504134,302.24017725249627,0.21239741146564484,False,False,False
1055,1788037363.5239058,296.69262929210373,0.2052925080060959,False,False,False
1056,1788037363.5735686,296.52647504748614,0.20297111570835114,False,False,False
1057,1788037363.6079419,293.9351040714063,0.18607059121131897,False,False,False
1058,1788037363.6417952,283.70455473189253,0.16005820035934448,False,False,False
1059,1788037363.677592,272.62274770564846,0.1563795804977417,False,False,False
1060,1788037363.7102804,258.7142558282722,0.08419866114854813,False,False,False
1061,1788037363.7437892,256.9444155618489,0.07210520654916763,False,False,False
1062,1788037363.7782025,253.71765318027943,0.0891190618276596,False,False,False
1063,1788037363.8131335,262.6271039179137,0.17039665579795837,False,False,False
1064,1788037363.8470297,264.96459634112597,0.18846148252487183,False,False,False
1065,1788037363.8817978,279.9469713658121,0.2225852757692337,False,False,False
1066,1788037363.9164085,287.24960272200303,0.2307097166776657,False,False,False
1067,1788037363.9576864,298.5121337280916,0.2783840298652649,False,False,False
1068,1788037364.0053544,278.08612585579795,0.15805722773075104,False,False,False
1069,1788037364.0686202,273.3272553409824,0.23051588237285614,False,False,False
1070,1788037364.1054037,278.9143717658989,0.23181122541427612,False,True,True
1071,1788037364.13737,274.7676471531279,0.240938201546669,False,True,True
1072,1788037364.1719742,282.32281481521613,0.3003627061843872,False,True,True
1073,1788037364.2057421,297.0817254785607,0.3394879400730133,False,True,True
1074,1788037364.2425356,304.0781535396953,0.3623432219028473,False,True,True
1075,1788037364.2562206,313.9482860045882,0.5209226012229919,False,True,True
1076,1788037364.3058481,321.8686050874503,0.5359166860580444,False,True,True
1077,1788037364.3421292,310.5943273165731,0.5083346962928772,False,True,True
1078,1788037364.3566139,304.66266911164325,0.5454320311546326,False,True,True
1079,1788037364.407985,305.4578572531521,0.5533475875854492,False,True,True
1080,1788037364.4403942,307.12619807155374,0.5612630844116211,False,True,True
1081,1788037364.4762833,309.2056696732238,0.5672445893287659,False,True,True
1082,1788037364.5098543,309.9817422983194,0.5744435787200928,False,True,True
1083,1788037364.5441735,309.8127900945043,0.5723324418067932,False,True,True
1084,1788037364.5787275,310.7274359842302,0.5735281705856323,False,True,True
1085,1788037364.6142309,309.07488472697116,0.5740860104560852,False,True,True
1086,1788037364.646762,308.08800333521447,0.5731501579284668,False,True,True
1087,1788037364.6812127,308.3691137430257,0.571344792842865,False,False,False
1088,1788037364.7143264,308.63945098279413,0.5728978514671326,False,False,False
1089,1788037364.7497034,307.61844199160277,0.5686064958572388,False,False,False
1090,1788037364.7811427,307.1337731229169,0.5697583556175232,False,False,False
1091,1788037364.8169942,306.8347397946531,0.5666824579238892,False,False,False
1092,1788037364.8486843,307.10107962045754,0.5673457384109497,False,False,False
1093,1788037364.8831298,307.5584079025013,0.5681066513061523,False,False,False
1094,1788037364.9182746,307.84190493905925,0.565434455871582,False,False,False
1095,1788037364.9517334,308.0409946130399,0.5644649863243103,False,False,False
1096,1788037364.9851496,308.0813854097277,0.5637128353118896,False,False,False
1097,1788037365.0184684,307.31459208247685,0.5610108375549316,False,False,False
1098,1788037365.0520258,306.8220117627107,0.5641522407531738,False,False,False
1099,1788037365.086677,306.2277302856216,0.5599140524864197,False,False,False
1100,1788037365.1212952,306.5610704720182,0.5599517226219177,False,False,False
1101,1788037365.1662693,306.3436321039589,0.5581588745117188,False,False,False
1102,1788037365.2001739,305.76910151863365,0.5565985441207886,False,False,False
1103,1788037365.2348082,304.9377938412438,0.5506942272186279,False,False,False
1104,1788037365.2684233,304.19609703732925,0.5457763075828552,False,False,False
1105,1788037365.3021634,302.8107544364599,0.5443360805511475,False,False,False
1106,1788037365.3359737,302.4541858786481,0.5414656400680542,False,False,False
1107,1788037365.3753567,302.3213960684825,0.5382975339889526,False,False,False
1108,1788037365.4042063,302.44425092568844,0.5352801084518433,False,False,False
1109,1788037365.4384499,302.9209856538521,0.5273025035858154,False,False,False
1110,1788037365.4754167,301.6387372249004,0.5236018896102905,False,False,False
1111,1788037365.5081136,301.91137216857203,0.5256768465042114,False,False,False
1112,1788037365.539954,301.84836628390747,0.5197919607162476,False,False,False
1113,1788037365.5759873,298.1591923253005,0.4951278567314148,False,False,False
1114,1788037365.608451,298.19038581399565,0.48200559616088867,False,False,False
1115,1788037365.642219,296.79816256748376,0.46155646443367004,False,False,False
1116,1788037365.6768286,296.0614240719121,0.44289377331733704,False,False,False
1117,1788037365.7107959,296.3736196415961,0.4355989992618561,False,False,False
1118,1788037365.744953,295.2192363309612,0.4232974350452423,False,False,False
1119,1788037365.7782974,294.90014908970136,0.4121381640434265,False,False,False
1120,1788037365.8120954,295.3074063894616,0.40571942925453186,False,False,False
1121,1788037365.8469393,295.3366071291741,0.39915409684181213,False,False,False
1122,1788037365.8807266,293.64304917574844,0.39678677916526794,False,False,False
1123,1788037365.9149601,293.57160703916395,0.4003101587295532,False,False,False
1124,1788037365.9499013,292.79600531166363,0.39251261949539185,False,False,False
1125,1788037365.9832523,293.17525471407254,0.3941083252429962,False,False,False
1126,1788037366.0167747,292.9971842385076,0.39463505148887634,False,False,False
1127,1788037366.0514126,293.29147583201706,0.3920769989490509,False,False,False
1128,1788037366.0864532,293.98462285489063,0.39227405190467834,False,False,False
1129,1788037366.121182,296.157168886004,0.38849708437919617,False,False,False
1130,1788037366.1545408,293.172527198646,0.37789249420166016,False,False,False
1131,1788037366.1882854,295.95531519716747,0.37859949469566345,False,False,False
1132,1788037366.2227356,299.3809722554048,0.3740433156490326,False,False,False
1133,1788037366.2569776,292.91106607784667,0.35282114148139954,False,False,False
1134,1788037366.291635,291.98585573010234,0.34653326869010925,False,False,False
1135,1788037366.324838,290.4515970943179,0.3213217556476593,False,False,False
1136,1788037366.3434412,291.3080782374792,0.30885979533195496,False,False,False
1137,1788037366.3850389,291.94788082454346,0.2884814441204071,False,False,False
1138,1788037366.427341,291.1729107625919,0.27588462829589844,False,False,False
1139,1788037366.4610565,289.47555552115614,0.2544066905975342,False,False,False
1140,1788037366.4952252,289.9881955661304,0.2479168176651001,False,False,False
1141,1788037366.5283148,292.9787920188728,0.25604158639907837,False,False,False
1142,1788037366.5616972,291.6590729505732,0.25261127948760986,False,False,False
1143,1788037366.5964046,291.6574983448812,0.2541087567806244,False,False,False
1144,1788037366.6345398,291.72522211228033,0.25485292077064514,False,False,False
1145,1788037366.664491,290.7664165103093,0.261867880821228,False,False,False
1146,1788037366.6989758,292.1028175570779,0.2539261281490326,False,False,False
1147,1788037366.732356,292.9317899061345,0.2595648765563965,False,False,False
1148,1788037366.7665122,293.7871472472788,0.2674933075904846,False,False,False
1149,1788037366.8010285,293.8770408554937,0.3011934161186218,False,False,False
1150,1788037366.835711,292.36799950869323,0.34286239743232727,False,False,False
1151,1788037366.8706558,293.7911369750508,0.37810876965522766,False,False,False
1152,1788037366.9042358,296.7966657287291,0.41147851943969727,False,False,False
1153,1788037366.937867,294.29612173111934,0.4474484920501709,False,True,True
1154,1788037366.9755685,293.7930229963122,0.46573957800865173,False,True,True
1155,1788037367.0081325,294.83334895953686,0.49952566623687744,False,True,True
1156,1788037367.0385716,295.52855513252706,0.5250251293182373,False,True,True
1157,1788037367.075038,295.46965835629936,0.5206838250160217,False,True,True
1158,1788037367.1084044,295.24682123975055,0.5470830202102661,False,True,True
1159,1788037367.141983,296.4396733480817,0.5617153644561768,False,True,True
1160,1788037367.1755724,297.92259848842457,0.5698541402816772,False,True,True
1161,1788037367.208809,300.96374954376233,0.5861994028091431,False,True,True
1162,1788037367.2421896,303.77328299341457,0.5909638404846191,False,True,True
1163,1788037367.276328,306.1120306467789,0.5915721654891968,False,True,True
1164,1788037367.295143,307.3040377961819,0.5944832563400269,False,True,True
1165,1788037367.3306918,305.922341327164,0.5964595079421997,False,True,True
1166,1788037367.3642962,305.3338254235263,0.5930486917495728,False,False,False
1167,1788037367.3988454,305.6564134642584,0.5938838720321655,False,False,False
1168,1788037367.4340906,305.49751885607225,0.5924229025840759,False,False,False
1169,1788037367.4675295,305.47745511062493,0.5943898558616638,False,False,False
1170,1788037367.5022788,304.42780629564743,0.590569019317627,False,False,False
1171,1788037367.5358775,304.88574093858335,0.5854084491729736,False,False,False
1172,1788037367.5733106,304.68352523932236,0.5891474485397339,False,False,False
1173,1788037367.6048136,303.68664843470145,0.5834065079689026,False,False,False
1174,1788037367.6412675,303.861022756146,0.585150420665741,False,False,False
1175,1788037367.656853,304.1983118386827,0.5802764892578125,False,False,False
1176,1788037367.7064872,303.9353912259988,0.5802512764930725,False,False,False
1177,1788037367.7428336,304.0884374976288,0.5780290365219116,False,False,False
1178,1788037367.775674,304.1327558719752,0.57649165391922,False,False,False
1179,1788037367.811508,303.56780900007084,0.5778324007987976,False,False,False
1180,1788037367.8477263,304.81045503234475,0.5742199420928955,False,False,False
1181,1788037367.873218,304.6852751751368,0.5768439769744873,False,False,False
1182,1788037367.9142854,304.26150912458763,0.574772834777832,False,False,False
1183,1788037367.9462023,304.22196946927863,0.5756695866584778,False,False,False
1184,1788037367.9803996,304.48561630054223,0.5703787207603455,False,False,False
1185,1788037367.9987924,303.58177259586495,0.5730506181716919,False,False,False
1186,1788037368.0164268,303.277905639508,0.5720762014389038,False,False,False
1187,1788037368.065964,302.95653898874997,0.5742498636245728,False,False,False
1188,1788037368.10075,302.7927742274955,0.5690009593963623,False,False,False
1189,1788037368.1343865,303.11643314934344,0.5721898674964905,False,False,False
1190,1788037368.1682153,302.95892330627584,0.5708049535751343,False,False,False
1191,1788037368.2041245,303.08566969020785,0.5699129700660706,False,False,False
1192,1788037368.2391577,303.17161110508005,0.5688247680664062,False,False,False
1193,1788037368.2735524,303.93210984664086,0.5729765295982361,False,False,False
1194,1788037368.3067744,303.2825579848094,0.5747097730636597,False,False,False
1195,1788037368.3412845,303.0462903295427,0.5682526230812073,False,False,False
1196,1788037368.3754075,302.7692777979802,0.5742464065551758,False,False,False
1197,1788037368.4088202,303.0017788350764,0.5709146857261658,False,False,False
1198,1788037368.4440749,303.34578175441743,0.5683602690696716,False,False,False
1199,1788037368.4809828,302.7599998931373,0.569046139717102,False,False,False
1200,1788037368.5109017,302.6555740271397,0.5666781663894653,False,False,False
1201,1788037368.5471904,301.4392288486732,0.5692187547683716,False,False,False
1202,1788037368.5817368,301.16305366035846,0.572516918182373,False,False,False
1203,1788037368.6165981,300.88512404330044,0.5676465034484863,False,False,False
1204,1788037368.6510174,301.3184307191128,0.5700032711029053,False,False,False
1205,1788037368.6844218,301.08372667811915,0.5688420534133911,False,False,False
1206,1788037368.7178142,301.5202303143105,0.5699797868728638,False,False,False
1207,1788037368.751648,302.46587890128933,0.5690413117408752,False,False,False
1208,1788037368.7852502,302.57413761199365,0.569465160369873,False,False,False
1209,1788037368.8187373,302.48164700502633,0.5721608400344849,False,False,False
1210,1788037368.8528512,301.55087013702627,0.5668702125549316,False,False,False
1211,1788037368.8859134,300.90728327147605,0.5683799386024475,False,False,False
1212,1788037368.9195645,300.7010769386234,0.5657241344451904,False,False,False
1213,1788037368.9541554,302.6142190636992,0.5634996294975281,False,False,False
1214,1788037368.988935,296.29505018581676,0.5095386505126953,False,False,False
1215,1788037369.0235512,298.59928028340875,0.4425777494907379,False,False,False
1216,1788037369.0567448,300.7938237169379,0.37807103991508484,False,False,False
1217,1788037369.0902255,298.98462742899454,0.35338935256004333,False,False,False
1218,1788037369.1182413,297.1925154693734,0.3729347884654999,False,False,False
1219,1788037369.1589952,297.47477411894243,0.413049578666687,False,False,False
1220,1788037369.1937358,301.7689334319683,0.48342597484588623,False,False,False
1221,1788037369.228338,305.1134087584477,0.5949237942695618,False,False,False
1222,1788037369.2616844,305.230296359245,0.5874068737030029,False,False,False
1223,1788037369.294863,304.0570040244851,0.5780969262123108,False,False,False
1224,1788037369.3283339,304.25342544946756,0.4958496391773224,False,False,False
1225,1788037369.3618968,303.7212531927266,0.5038368701934814,False,False,False
1226,1788037369.3962972,313.4314060348389,0.3979965150356293,False,False,False
1227,1788037369.431322,302.4946754702906,0.23331916332244873,False,False,False
1228,1788037369.4659014,312.47187797886517,0.17949381470680237,False,False,False
1229,1788037369.5003467,318.6538603360038,0.2045697271823883,False,False,False
1230,1788037369.5352337,324.6977525375909,0.23522081971168518,False,False,False
1231,1788037369.6149206,327.42607529067743,0.22528347373008728,False,False,False
1232,1788037369.64961,325.5871219103703,0.21139810979366302,False,False,False
1233,1788037369.6840148,325.6308601508886,0.22164270281791687,False,False,False
1234,1788037369.718937,322.88980324816134,0.2020428478717804,False,False,False
1235,1788037369.7533586,326.6432443141426,0.18745437264442444,False,False,False
1236,1788037369.7869968,307.844911986689,0.15976035594940186,False,False,False
1237,1788037369.8199031,296.43231700538615,0.2028922736644745,False,False,False
1238,1788037369.8535802,287.05498967266993,0.2924309968948364,False,False,False
1245,1788037370.1867602,360.52629538024917,0.23221397399902344,False,False,False
1246,1788037370.2367797,370.918825870779,0.314666211605072,False,False,False
1247,1788037370.271338,367.24993509024034,0.311100572347641,False,False,False
1248,1788037370.3050478,368.93506988332274,0.3381689190864563,False,False,False
1249,1788037370.3388155,358.60687103480865,0.317649781703949,False,True,True
1250,1788037370.3719785,364.12396793816794,0.32936233282089233,True,True,True
1251,1788037370.4065497,361.1877358938412,0.3145447075366974,True,True,True
1252,1788037370.4239328,363.3055154864815,0.31852108240127563,False,True,True
1253,1788037370.473601,366.5946667697478,0.3198803663253784,False,True,True
1254,1788037370.5085466,369.586957148774,0.31209051609039307,True,False,True
1255,1788037370.5426688,370.47439422558324,0.2902660071849823,True,False,True
1256,1788037370.5776947,368.95121003431194,0.28474175930023193,True,False,True
1257,1788037370.6114829,367.639739596268,0.28605571389198303,True,False,True
1258,1788037370.6450953,366.5814288692696,0.28025156259536743,True,False,True
1260,1788037370.72654,370.58243405774294,0.28014373779296875,False,False,False
1262,1788037370.8167772,366.7857124756588,0.28502601385116577,False,False,False
1264,1788037370.9005196,362.6752627352479,0.29054445028305054,False,False,False
1265,1788037370.932942,362.81476147726715,0.29079586267471313,False,False,False
1266,1788037370.9666588,364.237551018567,0.27077674865722656,False,False,False
1267,1788037371.000387,363.55886647323996,0.25104987621307373,False,False,False
1268,1788037371.0364072,371.5158945551419,0.26867058873176575,False,False,False
1274,1788037371.3530972,367.92910910520624,0.24128501117229462,False,False,False
1276,1788037371.4238117,368.6527747380905,0.24590156972408295,False,False,False
1278,1788037371.4909523,368.8750145816501,0.2577921748161316,False,False,False
1280,1788037371.5585253,370.42900551274346,0.2535497844219208,False,False,False
1345,1788037374.6832638,182.75778109700946,0.3613138496875763,True,True,True
1346,1788037374.7016895,235.53013050003366,0.5031996965408325,True,True,True
1347,1788037374.751909,217.43959870007842,0.41576647758483887,True,True,True
1348,1788037374.7856712,228.65737128318156,0.39934009313583374,True,True,True
1349,1788037374.8195868,233.41668705893466,0.43486154079437256,True,True,True
1350,1788037374.854707,234.67139666334634,0.42347252368927,True,True,True
1351,1788037374.8983815,235.36997393966453,0.42352357506752014,True,True,True
1352,1788037374.932285,233.42611955261677,0.41842204332351685,True,True,True
1353,1788037374.9648628,228.01555419488326,0.4057040512561798,True,False,True
1354,1788037374.9976678,224.20213493145854,0.3978656828403473,True,False,True
1355,1788037375.0323737,219.46320234296613,0.39254888892173767,False,False,False
1356,1788037375.0498984,216.08840639802642,0.38297393918037415,False,False,False
1357,1788037375.098763,212.60557897894992,0.3963058292865753,False,False,False
1358,1788037375.132332,213.2323766032499,0.39793550968170166,False,False,False
1359,1788037375.16601,213.29439547358464,0.37760061025619507,False,False,False
1360,1788037375.2006662,212.05518854730832,0.37240588665008545,False,False,False
1361,1788037375.2354946,210.50937128877868,0.3597056269645691,False,False,False
1362,1788037375.269922,208.5825643529153,0.3474062383174896,False,False,False
1363,1788037375.3075256,206.47939078070596,0.35614973306655884,False,False,False
1364,1788037375.3401132,206.84195475588368,0.3470875918865204,False,False,False
1365,1788037375.3718216,206.8614100836471,0.3419015109539032,False,False,False
1366,1788037375.4064076,208.98511078789343,0.3395068347454071,False,False,False
1367,1788037375.440949,209.95183526221825,0.327168345451355,False,False,False
1368,1788037375.4756877,214.397232409295,0.31794899702072144,False,False,False
1369,1788037375.493202,216.06827302592458,0.31685546040534973,False,False,False
1370,1788037375.5426955,216.4594487679727,0.3138659596443176,False,False,False
1371,1788037375.5774174,216.13007922351096,0.30972832441329956,False,False,False
1372,1788037375.6121407,216.76110627639255,0.30832818150520325,False,False,False
1373,1788037375.6455228,218.9709163929008,0.3109259605407715,False,False,False
1374,1788037375.6789014,219.6403202433474,0.3009529411792755,False,False,False
1375,1788037375.7136557,221.38889417233003,0.29912567138671875,False,False,False
1376,1788037375.7483008,223.1492567822099,0.2975784242153168,False,False,False
1377,1788037375.7818139,224.5011485074694,0.29401084780693054,False,False,False
1378,1788037375.815231,226.0386158911016,0.2900562286376953,False,False,False
1379,1788037375.8503466,227.5470855230587,0.28690969944000244,False,False,False
1380,1788037375.8848898,229.4261410167509,0.284088134765625,False,False,False
1381,1788037375.919499,231.4199313812474,0.27645596861839294,False,False,False
1382,1788037375.9521437,233.94693878909968,0.2727299630641937,False,False,False
1383,1788037375.9863524,237.22346833021822,0.26261425018310547,False,False,False
1384,1788037376.0194716,239.79080416631507,0.24700583517551422,False,False,False
1385,1788037376.0527256,241.60968697735302,0.2433183193206787,False,False,False
1386,1788037376.0864844,243.27868582603955,0.24710588157176971,False,False,False
1387,1788037376.1213431,244.31970589671246,0.24106451869010925,False,False,False
1388,1788037376.1561203,245.0759647582409,0.2505583167076111,False,False,False
1389,1788037376.1895535,244.8969736599741,0.24338658154010773,False,False,False
1390,1788037376.2242112,244.07953086899064,0.24602746963500977,False,False,False
1391,1788037376.258654,243.77664479407724,0.24764320254325867,False,False,False
1392,1788037376.2931325,245.17462145788542,0.2382119745016098,False,False,False
1393,1788037376.3264086,241.94856312874137,0.2519557476043701,False,False,False
1394,1788037376.359949,244.1289049197573,0.24354033172130585,False,False,False
1395,1788037376.3936248,243.20521829351546,0.25307077169418335,False,False,False
1396,1788037376.428049,244.85653200837783,0.24129287898540497,False,False,False
1397,1788037376.4648664,242.9493972700301,0.2507334351539612,False,False,False
1398,1788037376.4963076,244.3159963038149,0.24534708261489868,False,False,False
1399,1788037376.5310383,243.21487698752452,0.24781206250190735,False,False,False
1400,1788037376.5677907,244.42215010546244,0.24238154292106628,False,False,False
1401,1788037376.6006806,243.74015128445592,0.24393019080162048,False,False,False
1402,1788037376.6359057,244.52409007987072,0.2428375482559204,False,False,False
1403,1788037376.6695664,245.32806899596932,0.24456718564033508,False,False,False
1404,1788037376.6890798,249.7460851678887,0.24603727459907532,False,False,False
1405,1788037376.722544,258.8248190939011,0.1459898203611374,False,False,False
1406,1788037376.7731721,258.0267281160276,0.16548138856887817,False,False,False
1407,1788037376.806907,279.47786099039405,0.0920691192150116,False,False,False
1408,1788037376.825442,296.35304963859284,0.11283402144908905,False,False,False
1409,1788037376.8601434,316.48336282078293,0.14250372350215912,False,False,False
1410,1788037376.9116247,349.44999741817077,0.16495852172374725,False,False,False
1413,1788037377.0379343,413.6194256253037,0.048777490854263306,False,False,False
1525,1788037382.3656278,127.41045393894616,0.23319727182388306,True,True,True
1526,1788037382.3997908,124.69003030044338,0.21521344780921936,True,True,True
1527,1788037382.4345434,115.74652808939351,0.21349091827869415,True,True,True
1528,1788037382.4705584,118.35024947928387,0.20165038108825684,True,True,True
1529,1788037382.5030627,119.31925183481421,0.20532770454883575,True,True,True
1530,1788037382.5412712,119.81416698443239,0.20670682191848755,True,True,True
1531,1788037382.5745528,119.09430030301544,0.21049225330352783,True,True,True
1532,1788037382.6074026,117.56587776020991,0.21095004677772522,False,False,False
1533,1788037382.625212,113.21912225256624,0.21244454383850098,False,False,False
1534,1788037382.6755354,111.0396500540784,0.21060307323932648,False,True,True
1535,1788037382.7091997,106.03151359296467,0.21707215905189514,False,True,True
1536,1788037382.7669244,107.93933864370463,0.24049507081508636,False,True,True
1537,1788037382.7937014,107.60762743168503,0.24865494668483734,False,True,True
1538,1788037382.8468235,103.36943667022166,0.22948965430259705,False,True,True
1539,1788037382.8805318,96.55730657404888,0.2525920271873474,False,False,False
1540,1788037382.9142559,97.9826546488444,0.2567770183086395,False,False,False
1541,1788037382.9478874,94.80721708553689,0.26435381174087524,False,False,False
1542,1788037382.9827826,89.0826000137527,0.2706942558288574,False,False,False
1543,1788037383.0174615,84.71581656960477,0.27289891242980957,False,False,False
1544,1788037383.0546262,78.57594644993891,0.2717822790145874,False,False,False
1545,1788037383.0871298,74.31557340874797,0.2699475586414337,False,False,False
1546,1788037383.1190891,70.63323093426936,0.26964041590690613,False,False,False
1547,1788037383.1551197,66.89785878163372,0.2749623656272888,False,False,False
1548,1788037383.1895835,59.08250595686455,0.28650420904159546,False,False,False
1549,1788037383.2244608,56.3478178297025,0.2864052653312683,False,False,False
1550,1788037383.259227,53.574164836347784,0.2842044234275818,False,False,False
1551,1788037383.2923958,53.264600191285474,0.28721821308135986,False,False,False
1552,1788037383.3257837,51.243558780385,0.28171294927597046,False,False,False
1553,1788037383.3594966,50.79716530079672,0.2858889102935791,False,False,False
1554,1788037383.3930445,49.42955376971816,0.28557088971138,False,False,False
1555,1788037383.4287667,48.197129825742635,0.2907542586326599,False,False,False
1556,1788037383.4599922,47.51084137037179,0.2906358242034912,False,False,False
1557,1788037383.4944925,46.89673234726,0.2927294969558716,False,False,False
1558,1788037383.5290065,46.73731416919164,0.2955302596092224,False,False,False
1559,1788037383.557815,46.911480055714186,0.2945541739463806,False,False,False
1560,1788037383.6023788,47.63226806258911,0.29598432779312134,False,False,False
1561,1788037383.6328456,48.8936843472112,0.2975567579269409,False,False,False
1562,1788037383.6580775,49.74773743371936,0.2989436388015747,False,False,False
1563,1788037383.6866155,49.65027372327015,0.3017619252204895,False,False,False
1564,1788037383.735598,50.42104311091001,0.30030912160873413,False,False,False
1565,1788037383.7706163,51.497844033321755,0.29852256178855896,False,False,False
1566,1788037383.8041244,52.53870585531626,0.2986552119255066,False,False,False
1567,1788037383.8394108,53.90340530849097,0.298530250787735,False,False,False
1568,1788037383.8734589,55.184256398525925,0.2984965145587921,False,False,False
1569,1788037383.9077942,57.13562303182695,0.3014398515224457,False,False,False
1570,1788037383.9414492,58.48451615259836,0.29969796538352966,False,False,False
1571,1788037383.975434,60.31987909589007,0.30445122718811035,False,False,False
1572,1788037384.0109596,61.61865360244523,0.3043956458568573,False,False,False
1573,1788037384.046749,65.34551420560099,0.30301231145858765,False,False,False
1574,1788037384.081427,65.5947328080091,0.30707693099975586,False,False,False
1575,1788037384.1115756,67.33653202823737,0.3013409674167633,False,False,False
1576,1788037384.14555,69.65259892956107,0.3038618266582489,False,False,False
1577,1788037384.1792731,71.35260732368019,0.30379974842071533,False,False,False
1578,1788037384.2124422,72.91134009385524,0.3017784059047699,False,False,False
1579,1788037384.2464237,74.47269419540635,0.3017319440841675,False,False,False
1580,1788037384.279825,76.10934101691169,0.3031880259513855,False,False,False
1581,1788037384.3145473,76.88904198683628,0.30111151933670044,False,False,False
1582,1788037384.347931,79.14364418137757,0.3042355179786682,False,False,False
1583,1788037384.3843372,80.90248192514042,0.3030533194541931,False,False,False
1584,1788037384.4083946,85.40202324164441,0.30272525548934937,False,False,False
1585,1788037384.4495313,85.64249646688351,0.306931734085083,False,False,False
1586,1788037384.4836736,87.2739222823794,0.30447542667388916,False,False,False
1587,1788037384.502822,90.04660523639562,0.3049834668636322,False,False,False
1588,1788037384.5572228,92.80112989990175,0.3039151132106781,False,False,False
1589,1788037384.5705142,95.23155742927379,0.30487942695617676,False,False,False
1590,1788037384.6248646,98.34995050897706,0.3038736879825592,False,False,False
1591,1788037384.6573477,100.9822762304587,0.3032703101634979,False,False,False
1592,1788037384.6912003,103.73094052620148,0.30172646045684814,False,False,False
1593,1788037384.7232347,107.02680502896163,0.3024600148200989,False,False,False
1594,1788037384.7421365,110.71430767001584,0.3019663691520691,False,False,False
1595,1788037384.792181,113.115641805226,0.3047908842563629,False,False,False
1596,1788037384.8264647,115.49323177968381,0.3030698895454407,False,False,False
1597,1788037384.8777077,117.72960509892809,0.3064787983894348,False,False,False
1598,1788037384.9152355,119.05012582800481,0.3092101216316223,False,False,False
1599,1788037384.9447443,123.26046815269542,0.3090304136276245,False,False,False
1600,1788037384.973161,124.07196468593669,0.30818358063697815,False,False,False
1601,1788037385.0131338,125.2984712604112,0.3103167414665222,False,False,False
1602,1788037385.0478048,126.79782192988027,0.3073938488960266,False,False,False
1603,1788037385.082634,128.23006196110634,0.3080478608608246,False,False,False
1604,1788037385.102543,129.7104805644195,0.30846187472343445,False,False,False
1605,1788037385.1527927,130.5689809753354,0.31032153964042664,False,False,False
1606,1788037385.1859577,132.00705202159787,0.3076950013637543,False,False,False
1607,1788037385.2193742,133.72892099282586,0.3089980483055115,False,False,False
1608,1788037385.2527847,135.73611960685272,0.3107162117958069,False,False,False
1609,1788037385.2866218,137.9448270991952,0.3094407320022583,False,False,False
1610,1788037385.3199606,140.2432557269193,0.30944788455963135,False,False,False
1611,1788037385.3400834,142.8177237366366,0.30872800946235657,False,False,False
1612,1788037385.3871124,144.87657101352946,0.30809998512268066,False,False,False
1613,1788037385.4219716,146.99093734830535,0.3076009154319763,False,False,False
1614,1788037385.4577103,148.94372311329826,0.31331107020378113,False,False,False
1615,1788037385.4894836,151.19174706709327,0.3100275993347168,False,False,False
1616,1788037385.5504246,153.05567686740366,0.3131631016731262,False,False,False
1617,1788037385.5912333,155.13867776711064,0.3147737383842468,False,False,False
1618,1788037385.6414526,157.0621678583336,0.3141244053840637,False,False,False
1619,1788037385.6906662,158.61456740265464,0.313308984041214,False,False,False
1620,1788037385.740761,160.30795428023924,0.31246399879455566,False,False,False
1621,1788037385.7910576,168.350929298184,0.3140071928501129,False,False,False
1622,1788037385.8488965,169.97029699435677,0.31622999906539917,False,False,False
1623,1788037385.8912344,172.2219294964431,0.3152674734592438,False,False,False
1624,1788037385.9244068,174.0042838056185,0.3153802156448364,False,False,False
1625,1788037385.9418714,176.43352205624504,0.3171074092388153,False,False,False
1626,1788037385.9911118,178.1643950183591,0.3166297674179077,False,False,False
1627,1788037386.0101724,179.80159616446832,0.31597527861595154,False,False,False
1628,1788037386.0594895,181.59002124827316,0.3160078823566437,False,False,False
1629,1788037386.0944548,182.72031469837646,0.3176470994949341,False,False,False
1630,1788037386.1293974,184.9441038603575,0.3175041973590851,False,False,False
1631,1788037386.1472054,186.33126631497603,0.3149717450141907,False,False,False
1632,1788037386.1964993,188.53484487098032,0.31659996509552,False,False,False
1633,1788037386.2333865,190.557423390174,0.3174993693828583,False,False,False
1634,1788037386.2658174,193.72108103379,0.3177976608276367,False,False,False
1635,1788037386.3034267,195.5659523906259,0.3185255229473114,False,False,False
1636,1788037386.3345747,196.78551282659785,0.3187970817089081,False,False,False
1637,1788037386.369971,199.85826273843875,0.31841298937797546,False,False,False
1638,1788037386.4077306,201.47447543362128,0.31955039501190186,False,False,False
1639,1788037386.4375722,203.524321266144,0.3187837302684784,False,False,False
1640,1788037386.4724057,206.32761934440666,0.31652742624282837,False,False,False
1641,1788037386.505326,208.35988573653387,0.3168450891971588,False,False,False
1642,1788037386.5397432,210.21985729581888,0.318857878446579,False,False,False
1643,1788037386.5740387,212.69267476761476,0.3185654878616333,False,False,False
1644,1788037386.6011682,215.10723730844583,0.3149760067462921,False,False,False
1645,1788037386.6436505,217.44750094509706,0.3181014657020569,False,False,False
1646,1788037386.6779556,218.51565548158413,0.3188295364379883,False,False,False
1647,1788037386.7125719,220.8282591964134,0.3208969533443451,False,False,False
1648,1788037386.7480226,221.5050951860611,0.32270586490631104,False,False,False
1649,1788037386.7666776,221.63270957967845,0.32206612825393677,False,False,False
1650,1788037386.8173013,222.525017199879,0.3238176703453064,False,False,False
1651,1788037386.8538752,223.38832418134191,0.320319265127182,False,False,False
1652,1788037386.8846045,224.16655707508667,0.323391318321228,False,False,False
1653,1788037386.9215612,225.7415973620808,0.3216937780380249,False,False,False
1654,1788037386.9532175,226.02303821594978,0.32307741045951843,False,False,False
1655,1788037386.97403,227.2478609890338,0.32088929414749146,False,False,False
1656,1788037387.0211432,228.2953779167554,0.3232707679271698,False,False,False
1657,1788037387.0560002,230.35023785377808,0.3200993537902832,False,False,False
1658,1788037387.0747504,232.16783138816533,0.3210545480251312,False,False,False
1659,1788037387.1255295,234.34142552282685,0.3217276334762573,False,False,False
1660,1788037387.1593807,236.86219643517595,0.32124167680740356,False,False,False
1661,1788037387.193944,239.42017204480788,0.3210224211215973,False,False,False
1662,1788037387.2271159,241.5634397487867,0.31722158193588257,False,False,False
1663,1788037387.260916,243.9289650421424,0.31701087951660156,False,False,False
1664,1788037387.2787206,248.58339451006637,0.3174874484539032,False,False,False
1665,1788037387.3279316,251.72789885204938,0.3131711483001709,False,False,False
1666,1788037387.361776,255.03076981694477,0.3162323534488678,False,False,False
1667,1788037387.3954735,258.54590713458776,0.318003386259079,False,False,False
1668,1788037387.4301844,261.267364119052,0.316327840089798,False,False,False
1669,1788037387.4635706,264.0156076027539,0.3200033903121948,False,False,False
1670,1788037387.4982502,265.7939292943662,0.31913521885871887,False,False,False
1671,1788037387.5323632,267.6494602136123,0.3209163248538971,False,False,False
1672,1788037387.5674722,269.35496476144425,0.31860601902008057,False,False,False
1673,1788037387.5987825,271.6132111138914,0.3216273784637451,False,False,False
1674,1788037387.6329927,274.26254072401446,0.3225746154785156,False,False,False
1675,1788037387.6661081,275.88663055413167,0.3244204521179199,False,False,False
1676,1788037387.7010863,277.9927958076447,0.3251950740814209,False,False,False
1677,1788037387.7376525,279.9836520616003,0.3199112117290497,False,False,False
1678,1788037387.776217,282.06892202432874,0.32456040382385254,False,False,False
1679,1788037387.8101017,282.79753820526395,0.32218727469444275,False,False,False
1680,1788037387.8449287,282.68003384086774,0.31967970728874207,False,False,False
1681,1788037387.8786798,283.81347147638684,0.32128387689590454,False,False,False
1682,1788037387.9135647,283.6774017618262,0.31694212555885315,False,False,False
1683,1788037387.9483268,285.08567968667336,0.31447041034698486,False,False,False
1684,1788037387.9848335,288.5298691557319,0.3131657838821411,False,False,False
1685,1788037388.0172834,289.9937323012349,0.316744863986969,False,False,False
1686,1788037388.050566,291.90682555089995,0.3159794807434082,False,False,False
1687,1788037388.0847924,292.46594833248196,0.31101885437965393,False,False,False
1688,1788037388.124288,294.01887770446183,0.31844544410705566,False,False,False
1689,1788037388.160235,294.1625379628467,0.3186436891555786,False,False,False
1690,1788037388.194991,295.36511596932536,0.3165550231933594,False,False,False
1691,1788037388.2287984,295.6768108709684,0.31603842973709106,False,False,False
1692,1788037388.264641,295.47541298981986,0.3200971484184265,False,False,False
1693,1788037388.2959251,295.70664665242685,0.3259143531322479,False,False,False
1694,1788037388.3295755,294.89158986625796,0.3192630410194397,False,False,False
1695,1788037388.3665447,295.21346349440904,0.3229556381702423,False,False,False
1696,1788037388.3992329,294.3384722210004,0.31841933727264404,False,False,False
1697,1788037388.4352715,293.3928564133362,0.31780529022216797,False,False,False
1698,1788037388.4685311,293.0789230763359,0.31980663537979126,False,False,False
1699,1788037388.501587,291.97105137104296,0.31813549995422363,False,False,False
1700,1788037388.520807,291.0405688385529,0.31426969170570374,False,False,False
1701,1788037388.572006,289.80953152394096,0.3073180913925171,False,False,False
1702,1788037388.6064196,289.46432833222406,0.3088394105434418,False,False,False
1703,1788037388.6409156,287.76933787287163,0.30993300676345825,False,False,False
1704,1788037388.6773567,287.0011757137238,0.28856760263442993,False,False,False
1705,1788037388.7087617,287.03547589949306,0.23445314168930054,False,False,False
1706,1788037388.74315,291.41339145061517,0.1866774559020996,False,False,False
1707,1788037388.7764645,258.9926185819929,0.18001344799995422,False,False,False
1708,1788037388.8115494,235.76901004600464,0.22892341017723083,False,False,False
1710,1788037388.8962934,111.55027770727168,0.4100247025489807,False,False,False
1711,1788037388.9491045,114.55184805825202,0.33068516850471497,False,False,False
1712,1788037388.9807472,115.30849808892965,0.32987838983535767,False,False,False
1713,1788037389.015592,125.86553452771851,0.34805628657341003,False,False,False
1714,1788037389.0493336,135.13515877854132,0.34543630480766296,False,False,False
1715,1788037389.0828586,145.43052165365748,0.33247774839401245,False,False,False
1716,1788037389.1182995,157.47703701559072,0.3152065575122833,False,False,False
1717,1788037389.1506252,170.71153081705933,0.30359211564064026,False,False,False
1718,1788037389.1852548,183.9648128968296,0.29895418882369995,False,False,False
1719,1788037389.202993,195.09261242909034,0.29087725281715393,False,False,False
1720,1788037389.2537491,206.48906697103638,0.28830844163894653,False,False,False
1721,1788037389.2877584,213.57970478430303,0.28532135486602783,False,False,False
1722,1788037389.3183947,220.44102358747068,0.2808121144771576,True,False,True
1723,1788037389.3531644,226.9216555008755,0.2762247323989868,True,False,True
1724,1788037389.3869367,230.31490262586513,0.26826950907707214,True,False,True
1725,1788037389.4196317,232.17094128842785,0.26446977257728577,True,False,True
1726,1788037389.4544437,234.46774282802366,0.2685760259628296,True,False,True
1727,1788037389.4884107,235.08827323489024,0.2650436758995056,True,False,True
1728,1788037389.5224557,235.14084185962773,0.26291418075561523,True,False,True
1729,1788037389.5569594,235.15561992698625,0.26091861724853516,True,False,True
1730,1788037389.590834,235.00479937203764,0.26168379187583923,False,False,False
1731,1788037389.6257427,234.38005828936247,0.261903315782547,False,False,False
1732,1788037389.6604743,234.86857380078254,0.26559317111968994,False,False,False
1733,1788037389.695387,234.72412791349115,0.26484984159469604,False,False,False
1734,1788037389.7286882,235.79218394474412,0.2622990608215332,False,False,False
1735,1788037389.7625122,234.95260384494537,0.26466962695121765,False,False,False
1736,1788037389.7958481,234.1793169753176,0.263569176197052,False,False,False
1737,1788037389.8305588,231.76921497658807,0.261072039604187,False,False,False
1738,1788037389.8659902,229.12425437091514,0.26336127519607544,False,False,False
1739,1788037389.898254,229.19608757946537,0.264621376991272,False,False,False
1740,1788037389.9330313,226.1761557274633,0.2644612193107605,False,False,False
1741,1788037389.965752,224.93839849181592,0.26661041378974915,False,False,False
1742,1788037389.9994678,224.0542629011371,0.2623548209667206,False,False,False
1743,1788037390.0333354,224.22217376232572,0.2640116214752197,False,False,False
1744,1788037390.0708365,224.77917925647378,0.2639003396034241,False,False,False
1745,1788037390.1024663,223.69522844913786,0.26027706265449524,False,False,False
1746,1788037390.1358688,223.55352127072845,0.26162970066070557,False,False,False
1747,1788037390.1691036,223.47919633750863,0.25823134183883667,False,False,False
1748,1788037390.2035549,223.13055241252903,0.2578083872795105,False,False,False
1749,1788037390.2374508,224.75143620304777,0.25782978534698486,False,False,False
1750,1788037390.2732959,225.37838533333246,0.2557545304298401,False,False,False
1751,1788037390.3094711,226.45551413279327,0.25645047426223755,False,False,False
1752,1788037390.3408763,226.52228436350478,0.25514131784439087,False,False,False
1753,1788037390.3732946,225.4790010964982,0.2588236927986145,False,False,False
1754,1788037390.3912868,224.33665993513617,0.25826480984687805,False,False,False
1755,1788037390.4244566,221.46037819539438,0.25455379486083984,False,False,False
1756,1788037390.4755406,219.8529146895664,0.2588423192501068,False,False,False
1757,1788037390.5102038,217.188076358051,0.25787922739982605,False,False,False
1758,1788037390.529608,215.64859933357923,0.25947052240371704,False,False,False
1759,1788037390.5815685,213.56899410441844,0.2581309676170349,False,False,False
1760,1788037390.6130774,212.54262698230067,0.25880491733551025,False,False,False
1761,1788037390.647501,212.85789424241398,0.258794903755188,False,False,False
1762,1788037390.681517,213.3640341298615,0.25991180539131165,False,False,False
1763,1788037390.71631,213.94348836164465,0.25798144936561584,False,False,False
1764,1788037390.7517872,212.12239133392828,0.25233250856399536,False,False,False
1765,1788037390.797792,206.33837712130776,0.22747763991355896,False,False,False
1766,1788037390.8311327,186.60328360377375,0.22206741571426392,False,False,False
1767,1788037390.8649704,124.26288678768128,0.28657054901123047,False,False,False
1768,1788037390.8999803,102.27958507542816,0.40084677934646606,False,False,False
1769,1788037390.9371495,101.3314868217749,0.46846312284469604,False,False,False
1770,1788037390.9694705,88.09229111147418,0.4723687469959259,False,True,True
1771,1788037391.0015028,97.42569508263266,0.4533348083496094,False,True,True
1772,1788037391.035114,113.98468896159768,0.4240882396697998,False,True,True
1773,1788037391.0685956,137.93590025679143,0.401839017868042,False,True,True
1774,1788037391.1029887,168.61346263058937,0.3782728612422943,False,True,True
1775,1788037391.1373005,196.6029303965824,0.3585558831691742,False,False,False
1776,1788037391.17192,217.52679494710105,0.3425601124763489,False,False,False
1777,1788037391.2067175,233.3469567958601,0.3278486132621765,False,False,False
1778,1788037391.2400558,241.81864417949745,0.2849518656730652,False,False,False
1779,1788037391.2750387,250.37202237962134,0.24054832756519318,True,False,True
1780,1788037391.3093426,255.5397634964108,0.23254108428955078,True,False,True
1781,1788037391.343206,260.7352200521186,0.23656046390533447,True,False,True
1782,1788037391.3768158,266.48441121888845,0.25104063749313354,True,False,True
1783,1788037391.413172,267.5026798274435,0.24312609434127808,True,False,True
1784,1788037391.4461617,265.0206504051118,0.22890572249889374,True,False,True
1785,1788037391.480051,267.0679888609863,0.2574557662010193,True,False,True
1786,1788037391.5148072,264.47369779607214,0.2746371328830719,True,False,True
1787,1788037391.548118,263.9513938164712,0.25612717866897583,True,False,True
1788,1788037391.5834625,262.46185865229904,0.25922495126724243,False,False,False
1789,1788037391.6160724,262.25252752097435,0.2607695460319519,False,False,False
1790,1788037391.634892,260.17701259105934,0.2475765198469162,False,False,False
1791,1788037391.6797984,259.7441296350518,0.2508851885795593,False,False,False
1792,1788037391.7177553,258.19415574641994,0.24200472235679626,False,False,False
1793,1788037391.7353902,256.3152954022006,0.2297515869140625,False,False,False
1794,1788037391.7760704,256.00866036440226,0.2262466847896576,False,False,False
1795,1788037391.8047435,255.04583597320996,0.23369789123535156,False,False,False
1796,1788037391.8589609,255.02771367708692,0.2514714002609253,False,False,False
1797,1788037391.8894973,252.1134735708311,0.246748149394989,False,False,False
1798,1788037391.924017,253.4438276860593,0.23248067498207092,False,False,False
1799,1788037391.9584985,254.04596106691733,0.23888833820819855,False,False,False
1800,1788037391.9989364,253.51906992426683,0.24467837810516357,False,False,False
1801,1788037392.0275922,250.77830464878872,0.23110175132751465,False,False,False
1802,1788037392.0648313,250.87445227534005,0.23291173577308655,False,False,False
1803,1788037392.0947676,252.04180558499544,0.22740048170089722,False,False,False
1804,1788037392.1281004,251.28783748173345,0.23484402894973755,False,False,False
1805,1788037392.1624453,250.81412544413925,0.22363024950027466,False,False,False
1806,1788037392.180882,250.67625053137985,0.2246195375919342,False,False,False
1807,1788037392.230288,252.40725735684492,0.2374323308467865,False,False,False
1808,1788037392.2492146,252.6231204343135,0.23403270542621613,False,False,False
1809,1788037392.2844074,252.06307470556308,0.24506357312202454,False,False,False
1810,1788037392.3188643,250.53764578082567,0.2276296317577362,False,False,False
1811,1788037392.3678918,248.2146085773859,0.25689011812210083,False,False,False
1812,1788037392.4037955,247.8892611980278,0.2401019036769867,False,False,False
1813,1788037392.4357696,246.68313364566404,0.2376142144203186,False,False,False
1814,1788037392.4706025,241.95950825925934,0.23004919290542603,False,False,False
1815,1788037392.5061457,241.8261410366606,0.22642485797405243,False,False,False
1816,1788037392.5377567,240.31410580313255,0.2240791618824005,False,False,False
1817,1788037392.5727491,237.2749092537046,0.20830392837524414,False,False,False
1818,1788037392.6072474,235.1279647904725,0.2347443699836731,False,False,False
1819,1788037392.6418285,231.05717539315287,0.20502451062202454,False,False,False
1820,1788037392.6750271,230.8758535868811,0.2529696524143219,False,False,False
1821,1788037392.7086093,229.04350804236066,0.2649598717689514,False,False,False
1822,1788037392.7264955,224.99702763398506,0.2788543105125427,False,False,False
1823,1788037392.7764142,224.676045895863,0.28112658858299255,False,False,False
1824,1788037392.806724,217.4172075600198,0.2762913703918457,False,False,False
1825,1788037392.8441331,212.02530719232,0.2786094546318054,False,False,False
1826,1788037392.880172,208.46727379915302,0.28251057863235474,False,False,False
1827,1788037392.8974144,205.17027339354092,0.28455355763435364,False,False,False
1828,1788037392.9481149,202.26424915078928,0.28246331214904785,False,False,False
1829,1788037392.9822748,199.97283417997085,0.2800925076007843,False,False,False
1830,1788037393.0173342,198.31985782432037,0.2831445336341858,False,False,False
1831,1788037393.0364764,195.73469850179362,0.28296971321105957,False,False,False
1832,1788037393.0853593,193.4698685170596,0.28238776326179504,False,False,False
1833,1788037393.120092,190.0673246984368,0.28082841634750366,False,False,False
1834,1788037393.1540792,187.0295511905089,0.2842702567577362,False,False,False
1835,1788037393.1909027,186.88972173131086,0.28582507371902466,False,False,False
1836,1788037393.222305,183.03075355930218,0.2852262854576111,False,False,False
1837,1788037393.2558117,180.53385724774728,0.2915481626987457,False,False,False
1838,1788037393.2911522,180.97856563340127,0.29240089654922485,False,False,False
1839,1788037393.3237562,178.78653238523617,0.29313021898269653,False,False,False
1840,1788037393.3574698,179.68752187672038,0.2874729335308075,False,False,False
1841,1788037393.3909783,175.90267511359562,0.29300105571746826,False,False,False
1842,1788037393.4250188,174.27511012785726,0.2906589210033417,False,False,False
1843,1788037393.460195,173.3627100066708,0.2947261929512024,False,False,False
1844,1788037393.4951742,170.82496898555337,0.3080696761608124,False,False,False
1845,1788037393.528569,172.79738586816407,0.2906699478626251,False,False,False
1846,1788037393.5562327,172.40826679863855,0.28642675280570984,False,False,False
1847,1788037393.5981088,165.65550946971564,0.2572154104709625,False,False,False
1848,1788037393.6323721,164.16593584904214,0.32034894824028015,False,False,False
1849,1788037393.6670218,159.3046653262027,0.3488595485687256,False,False,False
1850,1788037393.700189,167.71555522102133,0.30694952607154846,False,False,False
1851,1788037393.734959,163.2680830853764,0.27744847536087036,False,False,False
1852,1788037393.7586346,158.03766130761974,0.308204710483551,False,False,False
1853,1788037393.8074527,152.2080576080665,0.33134493231773376,False,False,False
1854,1788037393.8422904,155.2173878756729,0.3339170217514038,False,False,False
1855,1788037393.8768177,149.35414736403536,0.3468511402606964,False,False,False
1856,1788037393.9117353,151.74950251235447,0.3217715620994568,False,False,False
1857,1788037393.965819,145.02624673886618,0.3130243122577667,False,False,False
1858,1788037393.999232,145.51118995439313,0.31504032015800476,False,False,False
1859,1788037394.0165756,146.90550684047176,0.3086998760700226,False,False,False
1860,1788037394.0673275,146.442068776566,0.30572912096977234,False,False,False
1861,1788037394.1012218,143.15064891788307,0.3079952597618103,False,False,False
1862,1788037394.135932,145.2939349326092,0.3261100649833679,False,False,False
1863,1788037394.1718867,149.10900021027535,0.32005101442337036,False,False,False
1864,1788037394.2064087,151.81598343747874,0.3050936460494995,False,False,False
1865,1788037394.2404952,150.52975561677337,0.31422722339630127,False,False,False
1866,1788037394.2748199,149.62743904057538,0.3115949332714081,False,False,False
1867,1788037394.3088095,148.51258804509743,0.31454232335090637,False,False,False
1868,1788037394.3425994,146.79199313333257,0.3336365818977356,False,False,False
1869,1788037394.3770552,155.17366205166837,0.29493191838264465,False,False,False
1870,1788037394.4107058,152.92121869639143,0.315621554851532,False,False,False
1871,1788037394.4446876,147.82711495359345,0.32412993907928467,False,False,False
1872,1788037394.4781978,150.67713825520332,0.31719154119491577,False,False,False
1873,1788037394.5131116,154.01214726087824,0.3050767779350281,False,False,False
1874,1788037394.5455537,155.34493752220445,0.31227630376815796,False,False,False
1875,1788037394.5802627,153.0221878310635,0.3196133077144623,False,False,False
1876,1788037394.6140711,156.76339231207524,0.33143070340156555,False,False,False
1877,1788037394.6508234,154.09175117357123,0.32922297716140747,False,False,False
1878,1788037394.6833417,162.92124336132323,0.3095819354057312,False,False,False
1879,1788037394.7177434,165.04018730921797,0.31308311223983765,False,False,False
1880,1788037394.7508965,165.50514782452294,0.3190307021141052,False,False,False
1881,1788037394.7872555,165.43943738752614,0.30677029490470886,False,False,False
1882,1788037394.8240309,164.83446687777635,0.3099253475666046,False,False,False
1883,1788037394.8545988,159.09886616449288,0.3196150064468384,False,False,False
1884,1788037394.8909087,154.31942782669356,0.33241987228393555,False,False,False
1885,1788037394.9228747,153.9693298449238,0.3242289125919342,False,False,False
1886,1788037394.9556658,155.51296432319066,0.31328603625297546,False,False,False
1887,1788037394.987809,152.8971630347978,0.3156539797782898,False,False,False
1888,1788037395.0234315,153.21556056302072,0.3125040829181671,False,False,False
1889,1788037395.0415442,152.24804627176127,0.3129948377609253,False,False,False
1890,1788037395.0879526,151.32176612404655,0.311699241399765,False,False,False
1891,1788037395.1261175,150.65131765208278,0.3111497759819031,False,False,False
1892,1788037395.1596956,151.4129687624651,0.3119708299636841,False,False,False
1893,1788037395.1941135,154.84467118504048,0.3064665198326111,False,False,False
1894,1788037395.212808,154.48879562138097,0.3020312786102295,False,False,False
1895,1788037395.2629051,155.55922338020943,0.29863300919532776,False,False,False
1896,1788037395.2976823,156.88191353910813,0.2935713529586792,False,False,False
1897,1788037395.331341,159.86029149519015,0.2817581593990326,False,False,False
1898,1788037395.3647857,162.6424492620064,0.26294273138046265,False,False,False
1899,1788037395.3893404,164.15512029450835,0.26353418827056885,False,False,False
1900,1788037395.434604,165.1141734797225,0.2741926312446594,False,False,False
1901,1788037395.4669132,164.43194314834864,0.2656048834323883,False,False,False
1902,1788037395.4896255,161.66754804405707,0.28067535161972046,False,False,False
1903,1788037395.5382335,164.9007802129952,0.288805216550827,False,False,False
1904,1788037395.5719945,163.85299078861127,0.2754049301147461,False,False,False
2003,1788037400.0759013,123.48005496952037,0.1780281364917755,True,True,True
2005,1788037400.1584203,108.43123976415367,0.21655306220054626,True,True,True
2007,1788037400.241233,108.23349176552951,0.2214195728302002,True,True,True
2076,1788037403.4447217,105.94628466970869,0.281233549118042,True,True,True
2077,1788037403.4794755,104.50703673043385,0.3310216963291168,True,True,True
2078,1788037403.5121436,102.6658850332754,0.3243468403816223,True,True,True
2079,1788037403.5467768,127.4532892345076,0.36312341690063477,True,True,True
2080,1788037403.5800524,109.40870612818637,0.35215678811073303,True,True,True
2081,1788037403.6142423,96.47988712442465,0.33209100365638733,True,True,True
2082,1788037403.6321616,89.906311980988,0.3266780376434326,True,True,True
2083,1788037403.6836607,94.36596179711496,0.3496980667114258,False,True,True
2084,1788037403.7166586,112.87012121148136,0.30926766991615295,False,False,False
2085,1788037403.7514994,114.51727194030086,0.38376182317733765,False,True,True
2086,1788037403.786169,122.7197945552219,0.38984858989715576,True,True,True
2087,1788037403.823593,131.64276837715363,0.3697529733181,True,True,True
2088,1788037403.8579772,127.78106909071336,0.366338312625885,True,True,True
2089,1788037403.8819604,133.43875511155846,0.38644492626190186,True,True,True
2090,1788037403.9230247,139.432200478337,0.413510799407959,True,True,True
2091,1788037403.940608,129.19534257510256,0.33384406566619873,False,False,False
2092,1788037403.9920428,146.01069857656586,0.39423149824142456,False,False,False
2093,1788037404.0315175,143.8137452397007,0.39043283462524414,True,False,True
2094,1788037404.0663896,143.01705272329704,0.4037943482398987,True,False,True
2095,1788037404.099344,140.51807815131653,0.41031306982040405,True,False,True
2096,1788037404.1313722,140.16378987931668,0.3961309790611267,True,False,True
2097,1788037404.1511528,136.85632637777115,0.39681971073150635,False,False,False
2098,1788037404.200708,145.73368075468736,0.41556259989738464,False,False,False
2099,1788037404.2341444,149.0567983707321,0.40196502208709717,False,False,False
2100,1788037404.2678301,148.40935096536003,0.406197190284729,False,False,False
2101,1788037404.3032131,147.20955359385079,0.39555105566978455,False,False,False
2102,1788037404.3359241,154.0806189578391,0.40822112560272217,False,False,False
2103,1788037404.3696594,156.03012642961346,0.400406152009964,False,False,False
2104,1788037404.404455,145.11371691168335,0.3952772617340088,False,False,False
2105,1788037404.440946,154.01628725596953,0.38843393325805664,False,False,False
2106,1788037404.4740236,138.92420612585997,0.3793927729129791,False,False,False
2107,1788037404.5069897,147.02226960162363,0.39453449845314026,False,False,False
2108,1788037404.5416975,154.06120036477856,0.40438246726989746,False,False,False
2109,1788037404.5780032,157.36445222555236,0.414315402507782,False,False,False
2110,1788037404.6133182,162.3632740696121,0.408883273601532,False,False,False
2111,1788037404.6455371,154.80000937074988,0.4054111838340759,False,False,False
2112,1788037404.6738763,154.57533192310157,0.4064145088195801,False,False,False
2113,1788037404.7172585,153.4211600315309,0.4066654145717621,False,False,False
2114,1788037404.747676,156.22917533871885,0.41379624605178833,False,False,False
2115,1788037404.7814596,153.4085658329637,0.40609288215637207,False,False,False
2116,1788037404.815968,157.42494317800137,0.4178975820541382,False,False,False
2117,1788037404.8497999,155.97300423677163,0.4186328649520874,False,False,False
2118,1788037404.8838007,150.9987361555216,0.4052242934703827,False,False,False
2119,1788037404.9186723,153.65123817080982,0.4061519205570221,False,False,False
2120,1788037404.9525015,156.24134311430896,0.4170559048652649,False,False,False
2121,1788037404.988103,160.0569389849342,0.403708815574646,False,False,False
2122,1788037405.014023,149.3621749011305,0.4074048399925232,False,False,False
2123,1788037405.0562093,154.64530310991137,0.3954918682575226,False,False,False
2124,1788037405.0896287,152.89936460824356,0.4062500298023224,False,False,False
2125,1788037405.1240115,158.95840422001785,0.40600404143333435,False,False,False
2126,1788037405.1590905,165.8488703604984,0.4075721502304077,False,False,False
2127,1788037405.1904967,163.98189624714502,0.4015534818172455,False,False,False
2128,1788037405.2244961,158.31821600074983,0.38675040006637573,False,False,False
2129,1788037405.2438939,156.63531283702144,0.3901323676109314,False,False,False
2130,1788037405.2931578,166.29656659525003,0.40345829725265503,False,False,False
2131,1788037405.3291478,160.50307348576996,0.40629056096076965,False,False,False
2132,1788037405.3617654,158.1886760063823,0.41616809368133545,False,False,False
2133,1788037405.3965032,150.6020929963455,0.41348928213119507,False,False,False
2134,1788037405.4323707,151.8641302240579,0.4017275273799896,False,False,False
2135,1788037405.463794,163.11140826039139,0.412300169467926,False,False,False
2136,1788037405.4969704,166.5025871806654,0.4115380346775055,False,False,False
2137,1788037405.530026,159.1236029161894,0.40945640206336975,False,False,False
2138,1788037405.5648582,145.90077208598953,0.41471877694129944,False,False,False
2139,1788037405.5974042,170.50286402053143,0.4191132187843323,False,False,False
2140,1788037405.630678,170.67767942617832,0.42562976479530334,False,False,False
2141,1788037405.6642969,158.82341354613203,0.4236825108528137,False,False,False
2142,1788037405.697806,173.536196111398,0.42590075731277466,False,False,False
2143,1788037405.7327268,172.39123791116197,0.4235464334487915,False,False,False
2144,1788037405.7663908,172.53157359388345,0.4234761595726013,False,False,False
2145,1788037405.7850685,184.4770128761634,0.42596685886383057,False,False,False
2146,1788037405.8348498,200.15128741216745,0.42993301153182983,False,False,False
2147,1788037405.8537314,193.34536805317185,0.4300181567668915,False,False,False
2148,1788037405.9036636,190.994071678293,0.4219997525215149,False,False,False
2149,1788037405.9401789,197.5820280517092,0.4325578212738037,False,False,False
2150,1788037405.9717824,183.2222832761704,0.4281855821609497,False,False,False
2151,1788037406.006771,190.05858594165701,0.42753103375434875,False,False,False
2152,1788037406.040142,196.61591157627458,0.426272451877594,False,False,False
2153,1788037406.0737236,188.09036902598393,0.42021644115448,False,False,False
2154,1788037406.1078951,198.3651297652815,0.4208618402481079,False,False,False
2155,1788037406.1349611,195.19665230716603,0.4195546507835388,False,False,False
2156,1788037406.177772,199.89348410482452,0.4206939935684204,False,False,False
2157,1788037406.2122777,194.49920534528843,0.425434410572052,False,False,False
2158,1788037406.2457192,187.30532735461665,0.41697442531585693,False,False,False
2159,1788037406.274291,188.45954712265723,0.4196760654449463,False,False,False
2160,1788037406.3184195,183.95822126887597,0.4139133393764496,False,False,False
2161,1788037406.347751,191.80863790150602,0.41838306188583374,False,False,False
2162,1788037406.3655849,195.627000664792,0.4156729578971863,False,False,False
2163,1788037406.3990037,182.62078223201308,0.4148540496826172,False,False,False
2164,1788037406.4483082,189.90109971292515,0.4137299060821533,False,False,False
2165,1788037406.4829278,198.0408695388183,0.4248461127281189,False,False,False
2166,1788037406.5190067,182.49084686035835,0.4200965166091919,False,False,False
2167,1788037406.5511174,187.9361455781849,0.42232972383499146,False,False,False
2168,1788037406.5888555,207.832654220507,0.4215909242630005,False,False,False
2169,1788037406.6356335,193.96369548372653,0.424299955368042,False,False,False
2170,1788037406.6724179,208.91933278219156,0.41898149251937866,False,False,False
2171,1788037406.7072227,204.1978902225935,0.4151744246482849,False,False,False
2172,1788037406.7742572,216.65797478249354,0.42445868253707886,False,False,False
2173,1788037406.8257942,215.44023918499155,0.42612043023109436,False,False,False
2174,1788037406.8568256,212.58749132895784,0.4203666150569916,False,False,False
2175,1788037406.8719306,216.96605699208547,0.4230796694755554,False,False,False
2176,1788037406.9229114,218.9347254296496,0.42050373554229736,False,False,False
2177,1788037406.9571543,217.4574003977679,0.4232777953147888,False,False,False
2178,1788037406.9909992,219.7516113609546,0.4211360812187195,False,False,False
2179,1788037407.0253277,211.39140876154048,0.4191964268684387,False,False,False
2180,1788037407.0592995,219.32340899073748,0.42342209815979004,False,False,False
2181,1788037407.0938778,216.8153660723827,0.42203211784362793,False,False,False
2182,1788037407.1287801,221.10780947061448,0.4208340644836426,False,False,False
2183,1788037407.1631987,219.3154245508658,0.41955578327178955,False,False,False
2184,1788037407.1992958,221.78909912993214,0.42333418130874634,False,False,False
2185,1788037407.2310386,219.35752258794486,0.41607600450515747,False,False,False
2186,1788037407.2647114,219.12001384420765,0.4223902225494385,False,False,False
2187,1788037407.2980654,222.60552379108847,0.41995570063591003,False,False,False
2188,1788037407.3328722,224.19612962344547,0.4173694849014282,False,False,False
2189,1788037407.3661368,225.8674296398779,0.4189484715461731,False,False,False
2190,1788037407.4038708,227.34583206824632,0.41831880807876587,False,False,False
2191,1788037407.4332786,217.48183847161198,0.4216737747192383,False,False,False
2192,1788037407.4647558,225.6324266538061,0.42055368423461914,False,False,False
2193,1788037407.5098667,225.6405796626376,0.42148226499557495,False,False,False
2194,1788037407.5401201,224.90288880527206,0.4198848605155945,False,False,False
2195,1788037407.571309,219.6704116454556,0.41920602321624756,False,False,False
2196,1788037407.6226423,219.62752561819394,0.42178893089294434,False,False,False
2197,1788037407.6811852,219.23666278934127,0.4188748598098755,False,False,False
2198,1788037407.7077167,223.05580281380614,0.4153780937194824,False,False,False
2199,1788037407.725707,223.90922661151643,0.41853368282318115,False,False,False
2200,1788037407.7752054,227.94343983872085,0.4138103425502777,False,False,False
2201,1788037407.8178446,224.29810389849857,0.4147939085960388,False,False,False
2202,1788037407.8439405,223.5044591786286,0.41437584161758423,False,False,False
2203,1788037407.8707685,225.90985266242146,0.41628938913345337,False,False,False
2204,1788037407.8966725,221.40549896504336,0.40949082374572754,False,False,False
2205,1788037407.9670925,218.78966580142492,0.410270094871521,False,False,False
2206,1788037408.0014033,214.95911028061434,0.40620559453964233,False,False,False
2207,1788037408.027347,221.63051618135546,0.40950295329093933,False,False,False
2208,1788037408.0718045,216.7552846232273,0.41158345341682434,False,False,False
2209,1788037408.0872166,210.19189143103262,0.40879982709884644,False,False,False
2210,1788037408.1371255,218.35643284982942,0.40874212980270386,False,False,False
2211,1788037408.1756096,218.3265542490167,0.4086996912956238,False,False,False
2212,1788037408.2097898,210.08016376106846,0.41316312551498413,False,False,False
2213,1788037408.2454593,211.11283366207516,0.41012656688690186,False,False,False
2214,1788037408.2769606,220.66480030045182,0.40903574228286743,False,False,False
2215,1788037408.3105786,217.40902910876696,0.4080042839050293,False,False,False
2216,1788037408.343923,220.58998171772777,0.409327894449234,False,False,False
2217,1788037408.377344,218.15728188633375,0.41220343112945557,False,False,False
2218,1788037408.4127262,220.99107916401033,0.40931111574172974,False,False,False
2219,1788037408.44547,221.5551650612602,0.41140419244766235,False,False,False
2220,1788037408.4790225,219.28171075707883,0.4117613434791565,False,False,False
2221,1788037408.5130064,222.4331364997501,0.4132707417011261,False,False,False
2222,1788037408.5477772,224.7342326643782,0.41163015365600586,False,False,False
2223,1788037408.581179,221.8800995744523,0.4124174118041992,False,False,False
2224,1788037408.6149833,217.00426201975446,0.40878817439079285,False,False,False
2225,1788037408.648527,218.39799081331992,0.41000205278396606,False,False,False
2226,1788037408.6657698,217.70740018849168,0.41089093685150146,False,False,False
2227,1788037408.7161207,221.74411599236572,0.4103121757507324,False,False,False
2228,1788037408.75071,214.96271693567513,0.4068482220172882,False,False,False
2229,1788037408.8092499,217.02480429494742,0.41120532155036926,False,False,False
2230,1788037408.8423986,212.47717466056577,0.40838056802749634,False,False,False
2231,1788037408.876921,221.06219714623165,0.4101225733757019,False,False,False
2232,1788037408.910482,227.1311697161825,0.4035513401031494,False,False,False
2233,1788037408.9446278,217.8692707313266,0.40036994218826294,False,False,False
2234,1788037408.9624124,226.56847826079556,0.4077959656715393,False,False,False
2235,1788037409.0119581,242.25019707582138,0.41019248962402344,False,False,False
2236,1788037409.0455263,243.20710859069285,0.40839871764183044,False,False,False
2237,1788037409.0790434,236.670355147121,0.4078061878681183,False,False,False
2238,1788037409.1126416,235.42077695003647,0.4106323719024658,False,False,False
2239,1788037409.1469588,233.3909576128389,0.4107397198677063,False,False,False
2240,1788037409.1819081,233.95588727217824,0.4066717028617859,False,False,False
2241,1788037409.2155356,227.44634574852506,0.4094921946525574,False,False,False
2242,1788037409.2503712,231.58134096918326,0.4096953570842743,False,False,False
2243,1788037409.2844388,239.35473146380417,0.40947872400283813,False,False,False
2244,1788037409.3178065,243.11785009520676,0.4087945818901062,False,False,False
2245,1788037409.3389528,239.59451709334758,0.4047062397003174,False,False,False
2246,1788037409.3869162,237.64501857522552,0.4080319404602051,False,False,False
2247,1788037409.420853,237.78424460999977,0.4123154282569885,False,False,False
2248,1788037409.4543614,239.05467860268323,0.4144842326641083,False,False,False
2249,1788037409.4889235,230.9016228544074,0.41151154041290283,False,False,False
2250,1788037409.5072813,231.84318230681123,0.4126929044723511,False,False,False
2251,1788037409.543789,230.59778316199433,0.41436707973480225,False,False,False
2252,1788037409.5760562,224.48386430386492,0.40989264845848083,False,False,False
2253,1788037409.6104329,222.87937018015256,0.4098740220069885,False,False,False
2254,1788037409.644053,244.93874630655247,0.4061179459095001,False,False,False
2255,1788037409.6781425,248.83503458123553,0.40713971853256226,False,False,False
2256,1788037409.713044,254.53422542835457,0.4139220714569092,False,False,False
2257,1788037409.7473285,237.7833975859365,0.410764217376709,False,False,False
2258,1788037409.807138,247.9560240334199,0.4073334038257599,False,False,False
2259,1788037409.8405738,249.09891450477824,0.40435123443603516,False,False,False
2260,1788037409.8744042,266.28114623339985,0.41022980213165283,False,False,False
2261,1788037409.9109912,266.43626259002866,0.40901440382003784,False,False,False
2262,1788037409.96686,259.9612879295667,0.4109842777252197,False,False,False
2263,1788037410.0023742,261.6969617850617,0.4173954427242279,False,False,False
2264,1788037410.0341773,255.52309633567296,0.41224145889282227,False,False,False
2265,1788037410.0794501,262.0943440390599,0.40911000967025757,False,False,False
2266,1788037410.113235,262.44426237952536,0.41317933797836304,False,False,False
2267,1788037410.1501095,262.5279963920941,0.4112958312034607,False,False,False
2268,1788037410.1826615,256.4134764843009,0.419372022151947,False,False,False
2269,1788037410.2172043,259.93903452829545,0.41657504439353943,False,False,False
2270,1788037410.2558618,259.6161598563669,0.4142252802848816,False,False,False
2271,1788037410.2697928,255.19735761434805,0.40755128860473633,False,False,False
2272,1788037410.3193192,254.79893582244873,0.4062535762786865,False,False,False
2273,1788037410.3529944,260.21429844470396,0.4001320004463196,False,False,False
2274,1788037410.3886144,253.78463398304163,0.3976929187774658,False,False,False
2275,1788037410.4052494,250.60566559343707,0.4005192518234253,False,False,False
2276,1788037410.4387794,249.05189267477803,0.419489324092865,False,False,False
2277,1788037410.488669,260.79738673653407,0.44656363129615784,False,False,False
2278,1788037410.525533,255.22194171613455,0.44763660430908203,False,False,False
2279,1788037410.5567105,254.3085291378103,0.4549178183078766,False,False,False
2280,1788037410.5912974,246.58437181747175,0.4599654972553253,False,False,False
2281,1788037410.631706,239.5607599429969,0.4482381343841553,False,False,False
2282,1788037410.6600587,224.3427899159754,0.41417229175567627,False,False,False
2283,1788037410.6780815,222.5075976841709,0.3334910571575165,False,False,False
2284,1788037410.7227457,209.19574614991657,0.4502624571323395,False,False,False
2285,1788037410.7488341,227.85393353629794,0.4806009829044342,False,False,False
2286,1788037410.799012,227.53251085954238,0.4927646517753601,False,False,False
2287,1788037410.8491461,241.21982695226347,0.4582197964191437,False,False,False
2288,1788037410.8827813,238.64102148010295,0.42191892862319946,False,False,False
2289,1788037410.9257097,228.76675099864522,0.4647591710090637,False,False,False
2290,1788037410.952357,224.44110520109277,0.4652132987976074,False,False,False
2291,1788037411.0024605,212.94116503996835,0.48309430480003357,False,False,False
2292,1788037411.038782,207.71888709389603,0.48691293597221375,False,False,False
2293,1788037411.0739157,232.72775647168223,0.4612177610397339,False,False,False
2294,1788037411.1030326,244.49817959778042,0.45294421911239624,False,False,False
2295,1788037411.1668556,249.31202308411727,0.4373072385787964,False,False,False
2296,1788037411.1993868,251.6550624406854,0.42411503195762634,False,False,False
2297,1788037411.2512472,256.4226670615594,0.44077959656715393,False,False,False
2298,1788037411.2840617,250.9002294616823,0.44307565689086914,False,False,False
2299,1788037411.3176174,254.29196899670293,0.44584083557128906,False,False,False
2300,1788037411.351234,259.63751621701107,0.45069003105163574,False,False,False
2301,1788037411.3844469,257.0323754643378,0.4552529454231262,False,False,False
2302,1788037411.41904,257.5190364303813,0.4551592767238617,False,False,False
2303,1788037411.4523566,254.37647333703794,0.46085482835769653,False,False,False
2304,1788037411.470279,247.7803037259995,0.46634674072265625,False,False,False
2305,1788037411.5204346,260.9942444430887,0.46679937839508057,False,False,False
2306,1788037411.5548618,261.61906824314775,0.4708784520626068,False,False,False
2307,1788037411.588936,264.87248570136876,0.46322283148765564,False,False,False
2308,1788037411.622264,257.8286989962067,0.4679774045944214,False,False,False
2309,1788037411.6559005,250.54189806739404,0.4757460355758667,False,False,False
2310,1788037411.6901026,256.0963488062736,0.4772111475467682,False,False,False
2311,1788037411.7251794,260.1497718581781,0.4659835696220398,False,False,False
2312,1788037411.7439291,263.8071939735261,0.46775442361831665,False,False,False
2313,1788037411.7977107,259.40740984485683,0.4728661775588989,False,False,False
2314,1788037411.8115766,256.90481608659456,0.4702276587486267,False,False,False
2315,1788037411.8450637,258.91421988256724,0.469206839799881,False,False,False
2316,1788037411.8942416,250.5525587568955,0.4716094434261322,False,False,False
2317,1788037411.9430242,254.07051780233365,0.4768694043159485,False,False,False
2318,1788037411.9719822,237.881041692302,0.48423105478286743,False,False,False
2319,1788037412.0064538,222.73411173103477,0.29178303480148315,False,False,False
2320,1788037412.0402796,226.5133781966186,0.30828869342803955,False,False,False
2321,1788037412.0772388,229.48768821336955,0.3183367848396301,False,False,False
2322,1788037412.108553,179.61870850654287,0.2602863609790802,False,False,False
2323,1788037412.143167,177.35599378325742,0.20768074691295624,False,False,False
2324,1788037412.1755815,214.30496090401846,0.5157482028007507,False,False,False
2325,1788037412.2102432,235.98072937282816,0.43767544627189636,False,False,False
2326,1788037412.2453835,203.10208774065921,0.4787460267543793,False,False,False
2327,1788037412.279397,212.46696863462648,0.49879226088523865,False,False,False
2328,1788037412.2973163,236.41031929392247,0.3159622848033905,False,False,False
2329,1788037412.347711,215.31567920879198,0.32523655891418457,False,False,False
2330,1788037412.3818269,230.77764989451788,0.49916261434555054,False,False,False
2331,1788037412.4160733,243.5792728769339,0.4829125702381134,False,False,False
2332,1788037412.4508765,243.28466459583493,0.31366726756095886,False,False,False
2333,1788037412.4780538,259.69478385412435,0.22349686920642853,False,False,False
2334,1788037412.503211,248.48718264855452,0.47161880135536194,False,False,False
2335,1788037412.5526857,240.55770153823374,0.4930221140384674,False,False,False
2336,1788037412.586198,264.01694213360116,0.48987913131713867,False,False,False
2337,1788037412.6209977,242.52197211693158,0.3788595199584961,False,False,False
2338,1788037412.6552691,242.34733024139695,0.3275558054447174,False,False,False
2339,1788037412.6921387,255.3046541959837,0.5035310983657837,False,False,False
2340,1788037412.7250955,266.33141902963627,0.47061723470687866,False,False,False
2341,1788037412.7659125,238.33869656677868,0.3986520767211914,False,False,False
2342,1788037412.8389912,257.02129846038616,0.44525808095932007,False,False,False
2343,1788037412.857097,268.9487395737073,0.39041033387184143,False,False,False
2344,1788037412.9081783,262.5265968961554,0.45456305146217346,False,False,False
2345,1788037412.9432003,268.66423897068773,0.46026015281677246,False,False,False
2346,1788037412.9768362,273.05747098297945,0.487842857837677,False,False,False
2347,1788037413.0107589,264.6597221084997,0.5052956938743591,False,False,False
2348,1788037413.0445535,268.8492890844511,0.4787442684173584,False,False,False
2349,1788037413.0934725,262.8510298956014,0.49901920557022095,False,False,False
2350,1788037413.1280591,271.50909026909653,0.4981571435928345,False,False,False
2351,1788037413.1614914,271.6880947024542,0.5026957392692566,False,False,False
2352,1788037413.194783,265.9845439064457,0.501316487789154,False,False,False
2353,1788037413.2294664,259.60424463934635,0.48980557918548584,False,False,False
2354,1788037413.264085,261.6816248154331,0.4869404435157776,False,False,False
2355,1788037413.2974386,261.7827460570703,0.4839591383934021,False,False,False
2356,1788037413.3307567,257.85649440943087,0.497732937335968,False,False,False
2357,1788037413.36441,264.5071638289519,0.4978474974632263,False,False,False
2358,1788037413.3988519,260.4604788286103,0.501560389995575,False,False,False
2359,1788037413.4169483,266.7773783164274,0.4816053509712219,False,False,False
2360,1788037413.4673686,262.5626789387796,0.494958758354187,False,False,False
2361,1788037413.5007443,265.12289353985074,0.47605037689208984,False,False,False
2362,1788037413.5356314,269.0561769740818,0.4721059501171112,False,False,False
2363,1788037413.5693884,272.7357778123612,0.48527276515960693,False,False,False
2364,1788037413.6044025,268.4849536545826,0.47679877281188965,False,False,False
2365,1788037413.6386273,266.07827850905215,0.47490978240966797,False,False,False
2366,1788037413.6720288,268.04515538301473,0.49217623472213745,False,False,False
2367,1788037413.7069583,260.0746902339101,0.48781925439834595,False,False,False
2368,1788037413.7410028,260.87631445039653,0.4650716781616211,False,False,False
2369,1788037413.7777994,257.41989066509444,0.4800025224685669,False,False,False
2370,1788037413.8107197,251.77266631887522,0.47536391019821167,False,False,False
2371,1788037413.8411603,259.85383880742773,0.4758814573287964,False,False,False
2372,1788037413.871787,272.0447132551035,0.4780898988246918,False,False,False
2373,1788037413.9133048,272.02217069003297,0.4630126357078552,False,False,False
2374,1788037413.958628,275.57781179619565,0.4526020288467407,False,False,False
2375,1788037413.993617,272.2683181455575,0.47431787848472595,False,False,False
2376,1788037414.0284014,255.03737965014207,0.5308198928833008,False,False,False
2377,1788037414.0632212,237.0634434919547,0.3094266355037689,False,False,False
2378,1788037414.097595,233.81877312870404,0.7230784893035889,False,False,False
2379,1788037414.1313455,225.50140553301046,0.5338397026062012,False,False,False
2381,1788037414.2150803,172.05277909357645,0.33401310443878174,False,False,False
2382,1788037414.2515452,133.94703970237015,0.2645677924156189,False,False,False
2383,1788037414.2843509,144.18747484648594,0.3061011731624603,False,False,False
2384,1788037414.3198109,137.85360015498262,0.34162819385528564,False,False,False
2385,1788037414.3531246,158.99732477916788,0.37406259775161743,False,False,False
2386,1788037414.391592,192.55231865203305,0.39578723907470703,False,False,False
2387,1788037414.4217331,187.15508993328407,0.38703811168670654,False,False,False
2388,1788037414.4437354,196.76833675777365,0.41223078966140747,False,False,False
2389,1788037414.4904022,195.6473334084485,0.4012839198112488,False,False,False
2390,1788037414.5263798,197.22463074521588,0.399824321269989,False,False,False
2391,1788037414.5582347,190.25749297832752,0.3854829967021942,False,False,False
2392,1788037414.5931334,209.12201694790346,0.3957323729991913,False,False,False
2393,1788037414.6243198,194.55942076872898,0.39471471309661865,True,False,True
2394,1788037414.6614802,202.0892465037812,0.38264182209968567,True,False,True
2395,1788037414.6962922,206.11236926248662,0.3916950225830078,True,False,True
2396,1788037414.7300231,208.5644148565154,0.393265962600708,False,False,False
2397,1788037414.763542,203.08696024136836,0.3893064260482788,False,False,False
2398,1788037414.7974336,197.71877558452502,0.3983333706855774,False,False,False
2399,1788037414.8321462,216.67886246844137,0.40742558240890503,False,False,False
2400,1788037414.8655708,189.99912211307517,0.41861310601234436,False,False,False
2401,1788037414.900584,170.1286748129611,0.3864992558956146,False,False,False
2402,1788037414.9340715,170.64772879428395,0.3922596573829651,False,False,False
2403,1788037414.9676707,169.0685202076116,0.36814194917678833,False,False,False
2404,1788037415.0021386,169.30241203727175,0.3596893548965454,False,False,False
2405,1788037415.0350657,157.40057733026165,0.3593498170375824,False,False,False
2406,1788037415.0701702,170.1203210088167,0.40402844548225403,False,False,False
2407,1788037415.1026983,188.98450979823437,0.3329407274723053,False,False,False
2408,1788037415.1366234,161.1210152667243,0.37962108850479126,False,False,False
2409,1788037415.1698332,162.8382279663908,0.38134342432022095,False,False,False
2410,1788037415.2066052,167.9171478321321,0.39422792196273804,False,False,False
2411,1788037415.2231004,162.7771374445845,0.3577672243118286,False,False,False
2412,1788037415.2728932,163.3442311117619,0.39651578664779663,False,False,False
2413,1788037415.3085709,166.78111092904626,0.40322113037109375,False,False,False
2414,1788037415.3421824,182.94485261696127,0.4108271598815918,False,False,False
2415,1788037415.3770432,198.89874735261856,0.38599538803100586,False,False,False
2416,1788037415.4083838,211.26999536438535,0.41288650035858154,False,False,False
2417,1788037415.4431453,198.20690474058574,0.37987110018730164,False,False,False
2418,1788037415.4796214,197.54282336892587,0.38218164443969727,False,False,False
2419,1788037415.5121598,207.20848550849493,0.38850656151771545,False,False,False
2420,1788037415.5472908,207.83790132491575,0.38627922534942627,False,False,False
2421,1788037415.5804963,198.99444700110547,0.3891434371471405,False,False,False
2422,1788037415.6138568,199.88947375507536,0.3848486542701721,False,False,False
2423,1788037415.6476111,203.4521397416634,0.38286906480789185,False,False,False
2424,1788037415.682499,205.68360822758487,0.3848875164985657,False,False,False
2425,1788037415.7163072,196.63785951259584,0.387189656496048,False,False,False
2426,1788037415.7497454,203.018912277323,0.3929419219493866,False,False,False
2427,1788037415.7833683,211.07527960284864,0.39666539430618286,False,False,False
2428,1788037415.8184807,198.5917607960913,0.39516502618789673,False,False,False
2429,1788037415.8367002,203.8036107058592,0.3879653811454773,False,False,False
2430,1788037415.8889966,204.70312488184888,0.40498101711273193,False,False,False
2431,1788037415.9224575,204.98957352842174,0.4517904222011566,False,False,False
2432,1788037415.9557512,221.95932469005672,0.45296430587768555,False,False,False
2435,1788037416.1048017,172.14119763314952,0.27025070786476135,False,False,False
2437,1788037416.19026,327.7371282902501,0.5812543630599976,False,False,False
2438,1788037416.2228014,269.5613784065567,0.35858726501464844,False,False,False
2439,1788037416.256203,296.9207989525473,0.5750684142112732,False,False,False
2440,1788037416.2895944,296.4086459373164,0.5626845955848694,False,False,False
2441,1788037416.323113,292.2656214299495,0.5734634399414062,False,False,False
2442,1788037416.3574953,291.79049617298676,0.5163341760635376,True,True,True
2443,1788037416.3913217,279.5077178316518,0.5612576603889465,True,True,True
2444,1788037416.4259548,268.3057234458991,0.578274667263031,False,True,True
2445,1788037416.4642992,272.672617938019,0.535692036151886,False,True,True
2446,1788037416.4947085,244.71891998494615,0.47060292959213257,False,False,False
2449,1788037416.6545079,325.81767092003054,0.49976029992103577,False,False,False
2450,1788037416.6941826,280.91436188954026,0.40302467346191406,False,False,False
2453,1788037416.8288095,154.99549381921528,0.47757309675216675,False,False,False
2456,1788037416.9529347,216.62492905245938,0.6842173337936401,False,False,False
2468,1788037417.527652,149.54891825332896,0.4170435070991516,False,False,False
2469,1788037417.5809522,179.185743697722,0.4313850998878479,True,False,True
2470,1788037417.5955946,183.0181805234086,0.6616353988647461,True,True,True
2471,1788037417.6464145,187.85627480760837,0.6932847499847412,True,True,True
2472,1788037417.6614032,191.79065140044267,0.7139168381690979,True,True,True
2473,1788037417.7115328,223.80086222572785,0.5603880286216736,True,True,True
2476,1788037417.846567,297.8162912780373,0.2698497176170349,False,False,False
2477,1788037417.8638668,317.73537936105026,0.3970230221748352,True,False,True
2478,1788037417.8972049,275.90051396220196,0.4164833426475525,True,False,True
2479,1788037417.9304771,268.67076890437147,0.46358850598335266,True,False,True
2480,1788037417.9653502,266.8626030251162,0.6634970903396606,True,False,True
2481,1788037417.9987192,294.3400430701606,0.7293524742126465,True,False,True
2482,1788037418.0325837,264.8983239432018,0.704714298248291,True,False,True
2483,1788037418.066133,265.56727072112875,0.6801198124885559,False,False,False
2484,1788037418.0999954,268.56885152821496,0.6464353203773499,False,True,True
2485,1788037418.1345131,232.6131941261192,0.5859400033950806,False,True,True
2490,1788037418.3692467,199.49652567674784,0.7114750146865845,False,False,False
2491,1788037418.426432,226.10878885748556,0.7140874266624451,False,False,False
2492,1788037418.4680057,239.67144120181146,0.7225054502487183,False,False,False
2493,1788037418.502158,237.8896687474139,0.7174986600875854,False,False,False
2494,1788037418.554798,241.4597321741227,0.7287522554397583,False,False,False
2495,1788037418.6029253,235.98380113638163,0.7488268613815308,False,False,False
2496,1788037418.637579,248.0972973140687,0.7424203753471375,False,True,True
2497,1788037418.6633592,236.58126220736102,0.7331997752189636,True,True,True
2498,1788037418.7054932,261.9864827237288,0.721814751625061,True,True,True
2499,1788037418.7234392,248.52122322790947,0.7208072543144226,True,True,True
2500,1788037418.7742705,257.2438558758672,0.7184920310974121,True,False,True
2501,1788037418.8077784,254.9794578127509,0.7282167077064514,True,False,True
2502,1788037418.841724,249.08335864239922,0.7316813468933105,True,False,True
2503,1788037418.8753436,257.50396380873957,0.7280561923980713,True,False,True
2504,1788037418.9086902,242.07454459218172,0.7463340163230896,False,False,False
2505,1788037418.9433029,249.93273149928208,0.7424192428588867,False,False,False
2506,1788037418.9778614,251.98043692903832,0.741990327835083,False,False,False
2507,1788037419.0146258,252.60362559344102,0.7269798517227173,False,False,False
2508,1788037419.0468986,248.42312348978393,0.7212626338005066,False,False,False
2509,1788037419.0817075,263.9570178283592,0.6958156228065491,False,False,False
2510,1788037419.100465,263.58470098502033,0.6830415725708008,False,False,False
2511,1788037419.1500282,250.347443055565,0.7021439671516418,False,False,False
2512,1788037419.1680212,262.9119305402568,0.7140500545501709,False,False,False
2513,1788037419.217375,250.83421625337658,0.7357919216156006,False,False,False
2514,1788037419.2557456,247.7468240414332,0.7257162928581238,False,False,False
2515,1788037419.2857757,230.83985247947768,0.7067732214927673,False,False,False
2516,1788037419.320211,227.8958927449483,0.7035359144210815,False,False,False
2517,1788037419.3558528,233.58236279707384,0.7146202921867371,False,False,False
2518,1788037419.3761532,226.1253001214264,0.7307924032211304,False,False,False
2519,1788037419.4272938,231.12196146656947,0.741850733757019,False,False,False
2520,1788037419.460222,219.8316772571031,0.7452507615089417,False,False,False
2521,1788037419.494507,206.85094796383638,0.6908463835716248,False,False,False
2522,1788037419.5342958,174.31786586620194,0.6408296227455139,False,False,False
2523,1788037419.5682013,170.32553605011796,0.4379936456680298,False,False,False
2524,1788037419.6016612,178.421601543978,0.2771218419075012,False,False,False
3914,1788037489.5134492,88.14035012944932,0.05243045091629028,True,True,True
3915,1788037489.5528343,65.94847635470065,0.11161726713180542,True,True,True
4107,1788037499.2244573,210.31179990644964,0.24163363873958588,True,True,True
4126,1788037500.1342835,176.4686797707405,0.15191996097564697,True,True,True
4127,1788037500.180684,170.39277027860675,0.15465228259563446,True,True,True
4128,1788037500.219704,176.52957839105125,0.14062011241912842,True,True,True
4129,1788037500.2539816,180.9377439036837,0.14221890270709991,True,True,True
4130,1788037500.2792137,189.177195907623,0.14670424163341522,True,True,True
4131,1788037500.3225062,187.65600176311258,0.13009808957576752,True,True,True
4132,1788037500.3486156,189.24924313331158,0.12391052395105362,True,True,True
4144,1788037500.9506223,223.39939889503287,0.1232861876487732,False,False,False
4146,1788037501.050707,218.6545360858899,0.11587529629468918,False,False,False
4148,1788037501.1671395,269.57826810245666,0.20755264163017273,True,True,True
4149,1788037501.201686,329.095857760293,0.2325919270515442,True,True,True
4152,1788037501.38446,299.63139596168196,0.14765244722366333,True,True,True
4286,1788037508.1025038,158.2689806132718,0.07156677544116974,True,True,True
4287,1788037508.1575062,160.84482309727312,0.22116659581661224,True,True,True
4288,1788037508.1862962,151.9169060140143,0.20027783513069153,True,True,True
4289,1788037508.2164905,145.6509363757442,0.17606988549232483,True,True,True
4290,1788037508.2557812,141.6111606442425,0.17074289917945862,True,True,True
4291,1788037508.2994285,139.5353126248055,0.15655165910720825,True,True,True
4292,1788037508.349086,140.9063782658422,0.16882513463497162,True,True,True
4293,1788037508.3825228,136.82881826418463,0.16532312333583832,False,True,True
4294,1788037508.4160047,135.40712387934383,0.1608363687992096,False,False,False
4295,1788037508.4693737,134.79172095950327,0.1628168225288391,False,False,False
4296,1788037508.5230625,133.0427448835003,0.15434032678604126,False,False,False
4297,1788037508.5642817,133.84895075192173,0.1566484123468399,False,False,False
4298,1788037508.5992603,129.2829081408006,0.1333862841129303,False,False,False
4299,1788037508.6317453,132.5285267005793,0.15976886451244354,False,False,False
4300,1788037508.6651623,133.7447163540162,0.15375186502933502,False,False,False
4301,1788037508.7047925,139.84428711934072,0.1882258951663971,False,False,False
4302,1788037508.750806,141.03526294553598,0.17862001061439514,False,False,False
4303,1788037508.818759,136.83562246562352,0.15016448497772217,False,False,False
4304,1788037508.8652453,137.14102826595595,0.1575024127960205,False,False,False
4305,1788037508.9006562,136.4933077905575,0.1478189080953598,False,False,False
4306,1788037508.9525144,136.33589457256235,0.14306305348873138,False,False,False
4307,1788037508.984855,138.30968172957287,0.16070005297660828,False,False,False
4308,1788037509.0209413,137.21935667518346,0.16225826740264893,False,False,False
4309,1788037509.0739558,137.24747484989248,0.17004738748073578,False,False,False
4310,1788037509.102691,138.04393220069642,0.16423559188842773,False,False,False
4311,1788037509.152154,136.539105174703,0.14420479536056519,False,False,False
4312,1788037509.169633,137.87303691032938,0.1454642117023468,False,False,False
4313,1788037509.2243154,137.38098684358212,0.14887329936027527,False,False,False
4314,1788037509.2575245,136.9305893783071,0.1603313684463501,False,False,False
4315,1788037509.3002038,137.90451035434518,0.17447882890701294,False,False,False
4316,1788037509.3248577,138.9350243548274,0.1772131770849228,False,False,False
4317,1788037509.3576727,136.1923263863881,0.16230438649654388,False,False,False
4318,1788037509.4043784,137.61973666023493,0.1680975705385208,False,False,False
4319,1788037509.4598062,137.20679619058046,0.14611320197582245,False,False,False
4320,1788037509.502911,138.38761001512412,0.15301978588104248,False,False,False
4321,1788037509.5273485,137.9344415481412,0.15486110746860504,False,False,False
4322,1788037509.5701673,138.70865276138204,0.17385205626487732,False,False,False
4323,1788037509.6040015,138.20003981182637,0.1854766309261322,False,False,False
4324,1788037509.6348276,139.03943184702507,0.1882326900959015,False,False,False
4325,1788037509.6715746,137.70994879645835,0.17081770300865173,False,False,False
4326,1788037509.7053742,140.04228207855056,0.18003438413143158,False,False,False
4327,1788037509.758604,141.218144580503,0.1638355553150177,False,False,False
4328,1788037509.800545,142.04463214727318,0.1652545928955078,False,False,False
4329,1788037509.8525841,156.86155350081464,0.139053612947464,False,False,False
4330,1788037509.8918996,158.3717334638344,0.134389728307724,False,False,False
4331,1788037509.9358807,163.1677837728495,0.13868847489356995,False,False,False
4332,1788037509.9588568,166.74038278933605,0.13367091119289398,False,False,False
4333,1788037509.9947746,170.93085024151753,0.13313347101211548,False,False,False
4334,1788037510.0384226,172.89835220453855,0.13713517785072327,False,False,False
4335,1788037510.0700455,176.44028287401312,0.1433403044939041,False,False,False
4336,1788037510.1231787,178.86518447725032,0.18406909704208374,False,False,False
4337,1788037510.153732,180.03555981552162,0.17289778590202332,False,False,False
4338,1788037510.1877317,177.37594321263924,0.18414853513240814,False,False,False
4339,1788037510.223073,177.20946708767855,0.17354629933834076,False,False,False
4340,1788037510.2739737,177.10683892968237,0.17710666358470917,False,False,False
4341,1788037510.317041,175.74147471609746,0.16810284554958344,False,False,False
4342,1788037510.3662724,176.2944344169686,0.1650703400373459,False,False,False
4343,1788037510.3995059,175.7108620651907,0.15744245052337646,False,False,False
4344,1788037510.436795,174.72110993890809,0.14618012309074402,False,False,False
4345,1788037510.4822574,175.78703972508137,0.13728265464305878,False,False,False
4346,1788037510.5319843,176.25949937684106,0.12167832255363464,False,False,False
4347,1788037510.565519,174.03906357405216,0.1276935636997223,False,False,False
4348,1788037510.5838382,171.5590565758616,0.11080048978328705,False,False,False
4349,1788037510.6423404,173.2260299687322,0.10942770540714264,False,False,False
4350,1788037510.6835995,172.1327556592016,0.10876750946044922,False,False,False
4351,1788037510.7176046,171.2886204013381,0.11002960056066513,False,False,False
4352,1788037510.751931,170.97942755953505,0.10208159685134888,False,False,False
4353,1788037510.7854464,170.91132169499525,0.10739108175039291,False,False,False
4354,1788037510.8119047,170.7094998599339,0.09890945255756378,False,False,False
4355,1788037510.850452,172.8075918931484,0.09673717617988586,False,False,False
4356,1788037510.9000318,171.15189493279405,0.10328424721956253,False,False,False
4357,1788037510.9504564,171.967290599702,0.09758953005075455,False,False,False
4358,1788037510.9844275,172.13711863876512,0.1049092710018158,False,False,False
4359,1788037511.022895,170.48167271079595,0.0926537960767746,False,False,False
4360,1788037511.0531926,172.14167827234394,0.10384958237409592,False,False,False
4361,1788037511.0858357,170.82299055813846,0.09348747134208679,False,False,False
4362,1788037511.111964,171.86359411528588,0.09755038470029831,False,False,False
4363,1788037511.1616082,170.574667813554,0.10302216559648514,False,False,False
4364,1788037511.1871982,167.75559756664794,0.0987040251493454,False,False,False
4365,1788037511.220765,169.51502668868895,0.0980299860239029,False,False,False
4366,1788037511.2699125,166.67952640590434,0.1051703691482544,False,False,False
4367,1788037511.3034546,165.98174872403817,0.09418633580207825,False,False,False
4368,1788037511.3365307,164.5411980972026,0.09394371509552002,False,False,False
4369,1788037511.3631215,165.48762526671263,0.09214882552623749,False,False,False
4370,1788037511.387525,166.33135377569192,0.10697534680366516,False,False,False
4371,1788037511.4362648,163.79603169448842,0.10504859685897827,False,False,False
4372,1788037511.470018,166.37212011410296,0.1028689444065094,False,False,False
4373,1788037511.502906,165.40602103782635,0.11798945814371109,False,False,False
4374,1788037511.5357323,167.30975297086994,0.10733941197395325,False,False,False
4375,1788037511.5662198,164.20250612570626,0.10811696946620941,False,False,False
4376,1788037511.6043677,165.36845971436472,0.1144801527261734,False,False,False
4377,1788037511.6377053,165.60595509976443,0.1138775497674942,False,False,False
4378,1788037511.6626127,163.37854640577353,0.10499081015586853,False,False,False
4379,1788037511.7042062,163.27652005698832,0.10675212740898132,False,False,False
4380,1788037511.7367947,162.91112733092174,0.11878079921007156,False,False,False
4381,1788037511.7628229,162.8596754020399,0.11568096280097961,False,False,False
4382,1788037511.804853,163.05277098191277,0.11278979480266571,False,False,False
4383,1788037511.8486211,163.40924130835037,0.10935530066490173,False,False,False
4384,1788037511.8974352,165.09687118690016,0.11127403378486633,False,False,False
4385,1788037511.9350073,163.12693474720118,0.10580220818519592,False,False,False
4386,1788037511.9854705,162.24926378399516,0.10788017511367798,False,False,False
4387,1788037512.0281591,161.808447701459,0.09904317557811737,False,False,False
4388,1788037512.0706139,163.70452533351096,0.09744486212730408,False,False,False
4389,1788037512.0883212,166.89975549623037,0.11907349526882172,False,False,False
4390,1788037512.1345375,163.6841158932461,0.0928250104188919,False,False,False
4391,1788037512.1716495,164.71016109939595,0.10649649798870087,False,False,False
4392,1788037512.2036517,166.01044311328252,0.10922551155090332,False,False,False
4393,1788037512.2390635,166.27029238755398,0.10485934466123581,False,False,False
4394,1788037512.272432,168.5268760457247,0.11525285243988037,False,False,False
4395,1788037512.3239536,167.7466859283242,0.10344716906547546,False,False,False
4396,1788037512.3555143,171.09002681774646,0.12436878681182861,False,False,False
4397,1788037512.3898509,168.46680673562557,0.09688643366098404,False,False,False
4398,1788037512.4214566,169.10301027476538,0.10980004072189331,False,False,False
4399,1788037512.470472,171.85800675559233,0.11165759712457657,False,False,False
4400,1788037512.5016832,171.99535056374114,0.11218191683292389,False,False,False
4401,1788037512.5346258,173.33519990267334,0.11971873790025711,False,False,False
4402,1788037512.570627,169.81332529516868,0.11556550860404968,False,False,False
4403,1788037512.6037028,169.05927654978072,0.11354584246873856,False,False,False
4404,1788037512.6372073,168.70889746570123,0.10772085189819336,False,False,False
4405,1788037512.670925,168.88927428550807,0.10558028519153595,False,False,False
4406,1788037512.7208352,161.4812563983421,0.09156033396720886,False,False,False
4407,1788037512.7545116,162.18748585194695,0.11176325380802155,False,False,False
4408,1788037512.7993984,161.35389267768994,0.10467183589935303,False,False,False
4409,1788037512.8353639,159.3660927561527,0.10433115065097809,False,False,False
4410,1788037512.8708,159.55070284193383,0.10904500633478165,False,False,False
4411,1788037512.9044816,158.10028719103116,0.10578480362892151,False,False,False
4412,1788037512.963175,157.4295972807111,0.10272884368896484,False,False,False
4413,1788037512.9939623,156.00107165627017,0.10079791396856308,False,False,False
4414,1788037513.0347846,153.72993162118095,0.09073823690414429,False,False,False
4415,1788037513.0684118,153.3066294506889,0.09564919769763947,False,False,False
4416,1788037513.1190789,153.55711790399005,0.09399621188640594,False,False,False
4417,1788037513.1525269,154.25570681055885,0.093045674264431,False,False,False
4418,1788037513.2048767,156.01200235691442,0.08967907726764679,False,False,False
4419,1788037513.2284665,156.58488390809745,0.09170905500650406,False,False,False
4420,1788037513.2717872,158.49878336797073,0.09450288116931915,False,False,False
4421,1788037513.2984695,158.2678049571893,0.09571444988250732,False,False,False
4422,1788037513.336689,158.33423989060572,0.09968892484903336,False,False,False
4423,1788037513.4042108,158.26160837599886,0.10891523957252502,False,False,False
4424,1788037513.4379423,157.14426886514056,0.11271101981401443,False,False,False
4425,1788037513.491582,157.22680943538253,0.10994507372379303,False,False,False
4426,1788037513.534189,156.29468584130342,0.10687162727117538,False,False,False
4427,1788037513.5842814,155.23411898512836,0.10410401225090027,False,False,False
4428,1788037513.635013,153.77715887679008,0.1118590235710144,False,False,False
4429,1788037513.6685426,153.30876129826459,0.1117343083024025,False,False,False
4430,1788037513.7177675,152.9258542867628,0.11111538857221603,False,False,False
4431,1788037513.751153,152.0028281328932,0.10799364000558853,False,False,False
4432,1788037513.7861862,150.1488178630401,0.11649905145168304,False,False,False
4433,1788037513.8342147,154.29213556382555,0.11993950605392456,False,False,False
4434,1788037513.8637555,156.99156562616105,0.10865119099617004,False,False,False
4435,1788037513.908236,167.28635516074556,0.11419569700956345,False,False,False
4436,1788037513.9515474,169.7405428213725,0.10240231454372406,False,False,False
4688,1788037528.863394,114.72823807326469,0.08574315905570984,True,True,True
4689,1788037528.8995168,114.59477404520575,0.08380408585071564,True,True,True
