frame,timestamp,dev_zscore,grip_spread,dev_alert,grip_alert,combined_alert
0,1788036673.5049586,382.51817566745507,0.12158964574337006,False,False,False
1,1788036673.7034736,413.28632815816394,0.28387558460235596,False,False,False
2,1788036673.7395215,419.69654021181526,0.2886894941329956,False,False,False
3,1788036673.7736094,421.49612288131925,0.2670527696609497,False,False,False
4,1788036673.8069725,416.9249800586741,0.2583886384963989,False,False,False
5,1788036673.8425639,415.7420288936747,0.2403496950864792,False,False,False
6,1788036673.873761,421.165117450697,0.25870656967163086,False,False,False
7,1788036673.9007397,423.5614404372545,0.28221380710601807,False,False,False
8,1788036673.9403386,428.95535164841573,0.30697816610336304,False,False,False
9,1788036673.9741137,429.9492473499875,0.2920337915420532,False,False,False
10,1788036674.0127046,429.50847084832674,0.28063255548477173,False,False,False
11,1788036674.0618837,425.1923423059812,0.27669909596443176,False,False,False
12,1788036674.0962665,414.7836324123209,0.26636552810668945,False,False,False
13,1788036674.1299274,409.070528819143,0.26187464594841003,False,False,False
14,1788036674.1726704,404.7750207406065,0.27579227089881897,False,False,False
15,1788036674.2072453,397.6910664943361,0.27498751878738403,False,False,False
16,1788036674.2374337,392.63775110695923,0.2823161780834198,False,False,False
17,1788036674.2710955,394.0616621239324,0.2949656546115875,False,False,False
18,1788036674.3114305,362.14229750067915,0.28613996505737305,False,False,False
19,1788036674.3445556,284.1872858229238,0.27121859788894653,False,False,False
20,1788036674.4105072,242.5334634425166,0.2581343352794647,False,False,False
21,1788036674.4414535,210.02353004024826,0.16404610872268677,False,False,False
22,1788036674.4747348,198.81923966320255,0.15347754955291748,False,False,False
23,1788036674.5093358,200.73534762185025,0.16041800379753113,False,False,False
24,1788036674.5400689,203.72693557207282,0.18369276821613312,False,False,False
25,1788036674.5760937,201.29035658160532,0.18974736332893372,False,False,False
26,1788036674.6097229,192.92816610423478,0.20561614632606506,False,False,False
27,1788036674.6406536,195.38678257317645,0.16098272800445557,False,False,False
28,1788036674.6759825,178.9036896273295,0.0722440853714943,False,False,False
29,1788036674.710882,172.39060177336415,0.0903768539428711,False,False,False
30,1788036674.7449052,171.63177193858536,0.07742808759212494,False,False,False
31,1788036674.7736456,172.23773226766923,0.07292698323726654,False,False,False
32,1788036674.795906,177.39517608444334,0.0812872126698494,False,False,False
33,1788036674.8427474,179.50674438511166,0.08111782371997833,False,False,False
34,1788036674.8800955,190.37101612900537,0.12061554193496704,False,False,False
35,1788036674.914939,188.4284981459263,0.11419250071048737,False,False,False
36,1788036674.946401,188.69640226472362,0.11658008396625519,False,False,False
37,1788036674.9719296,174.7696852456254,0.12774038314819336,False,False,False
38,1788036675.0188625,171.9483616733518,0.15191975235939026,False,False,False
39,1788036675.0478976,165.95376247211286,0.15758676826953888,False,False,False
40,1788036675.0802813,159.41708290199102,0.16613829135894775,False,False,False
41,1788036675.1136642,153.40116789354082,0.19327323138713837,False,True,True
42,1788036675.1506543,148.76500709969534,0.22212648391723633,False,True,True
43,1788036675.1955168,146.84696273026532,0.23617368936538696,False,True,True
44,1788036675.226111,145.793493931337,0.2263110876083374,False,True,True
45,1788036675.2595408,147.58871577462745,0.23222146928310394,False,True,True
46,1788036675.2932644,153.61430638976228,0.24665401875972748,False,True,True
47,1788036675.334976,162.7363183580967,0.25809526443481445,False,True,True
48,1788036675.37264,177.16857119189123,0.2629351317882538,False,True,True
49,1788036675.4053416,204.65233010951678,0.2904150187969208,False,True,True
50,1788036675.4437447,255.58724166149554,0.2926846146583557,False,True,True
51,1788036675.4746952,328.64865647711963,0.2950342893600464,False,True,True
52,1788036675.5123553,295.2262522017465,0.2025446742773056,True,True,True
194,1788036682.2992985,255.7793592675026,0.16472618281841278,True,True,True
198,1788036682.4979806,263.67545956140475,0.18185439705848694,True,True,True
263,1788036685.3547318,376.32964765124024,0.19204317033290863,True,True,True
264,1788036685.3733902,355.4175340213201,0.1648321896791458,True,True,True
265,1788036685.4242535,352.1471153422132,0.13615328073501587,True,True,True
266,1788036685.4419663,354.9637041433773,0.12853994965553284,True,True,True
280,1788036686.2031837,375.1124874508714,0.04262939840555191,False,False,False
281,1788036686.231909,364.4556127393179,0.04100091755390167,True,False,True
283,1788036686.338735,330.02527712330334,0.09043440967798233,True,True,True
285,1788036686.4530437,297.8608637846551,0.21140551567077637,True,True,True
286,1788036686.4747317,280.8585035514978,0.12475226074457169,True,True,True
287,1788036686.498926,287.2853039904218,0.11556870490312576,False,True,True
288,1788036686.5334737,288.97258214346334,0.12267804145812988,True,True,True
289,1788036686.582625,289.90808855390173,0.11342767626047134,True,True,True
290,1788036686.6048355,292.6153887263274,0.10187394917011261,True,True,True
291,1788036686.6506083,292.2787047338123,0.0844738706946373,True,True,True
356,1788036689.6316104,232.8568694237409,0.3201700448989868,True,True,True
357,1788036689.6721146,234.595750131401,0.3157155513763428,True,True,True
440,1788036693.5971496,84.48864172644282,0.14778922498226166,True,True,True
445,1788036693.8473415,116.76880540337996,0.1612786203622818,True,True,True
446,1788036693.8977554,126.61033125451826,0.2683712840080261,True,True,True
449,1788036694.0480776,299.15923038746075,0.12918883562088013,True,True,True
450,1788036694.081547,327.8244510997416,0.3261345624923706,True,True,True
451,1788036694.1161885,335.9712610152039,0.32653069496154785,True,True,True
459,1788036694.5894861,333.74723249934556,0.09146559238433838,False,False,False
705,1788036706.6571145,177.39480537929748,0.2576192617416382,True,True,True
706,1788036706.674945,193.28870689802113,0.29206952452659607,True,True,True
707,1788036706.7086093,200.70647142624716,0.3386739194393158,True,True,True
708,1788036706.7513947,200.83250328193424,0.3378683924674988,True,True,True
709,1788036706.7760663,199.1600886180711,0.3408762216567993,True,True,True
710,1788036706.8101878,199.79052185420255,0.31723475456237793,True,True,True
711,1788036706.8606787,204.5230222136369,0.3184897005558014,True,True,True
712,1788036706.8959208,196.7790050584459,0.3009319603443146,True,True,True
713,1788036706.9297812,191.94777116570629,0.28029677271842957,False,False,False
714,1788036706.9639475,190.06289206019773,0.27875572443008423,False,False,False
715,1788036706.997566,184.632284857143,0.2731633186340332,False,False,False
716,1788036707.032182,197.4005176440135,0.29877620935440063,False,False,False
717,1788036707.0523362,194.24548674958797,0.28690582513809204,False,False,False
718,1788036707.1009545,199.43499062222935,0.33099398016929626,False,True,True
719,1788036707.1358426,200.70622247563642,0.35449618101119995,False,False,False
720,1788036707.154342,201.29692964880508,0.3456541895866394,False,False,False
721,1788036707.2038298,202.76992192615165,0.36528077721595764,False,False,False
722,1788036707.238915,200.1458867607868,0.36070558428764343,False,False,False
723,1788036707.2577376,191.8100814206972,0.35487550497055054,False,False,False
724,1788036707.291609,195.77929285060756,0.37190747261047363,False,False,False
725,1788036707.3416152,198.80650505087883,0.38144534826278687,False,False,False
726,1788036707.37541,193.2370602357367,0.3820003867149353,False,False,False
727,1788036707.393319,187.06726008259594,0.38036036491394043,False,False,False
728,1788036707.443462,184.97682447571952,0.39520636200904846,False,False,False
729,1788036707.4787323,185.58569161396858,0.39971649646759033,False,False,False
730,1788036707.5133576,183.86238900569802,0.42032867670059204,False,False,False
731,1788036707.5480912,178.39620637390922,0.4048742353916168,False,False,False
732,1788036707.5830472,178.9227648063603,0.40539395809173584,False,False,False
733,1788036707.6180959,178.35677991449367,0.4029783010482788,False,False,False
734,1788036707.6535497,183.49695825030764,0.4092797040939331,False,False,False
735,1788036707.67109,183.7190449037754,0.4063407778739929,False,False,False
736,1788036707.7214785,184.6992921609423,0.403226375579834,False,False,False
737,1788036707.7567954,180.43835554061806,0.39689499139785767,False,False,False
738,1788036707.7916083,178.84486809405135,0.3964369297027588,False,False,False
739,1788036707.826591,175.39452220551982,0.39817923307418823,False,False,False
740,1788036707.8613281,172.66569439842866,0.3952256441116333,False,False,False
741,1788036707.8962185,172.88064843172242,0.3987094759941101,False,False,False
742,1788036707.9311607,176.1833877891619,0.38475853204727173,False,False,False
743,1788036707.9667172,179.3470076609521,0.3957221508026123,False,False,False
744,1788036707.9983413,183.3211564212009,0.3950618505477905,False,False,False
745,1788036708.0315948,182.17363374582436,0.39574772119522095,False,False,False
746,1788036708.0658085,182.88352173577772,0.3958406448364258,False,False,False
747,1788036708.1009781,193.98246463960618,0.39791351556777954,False,False,False
748,1788036708.1202943,225.48321070616007,0.38863566517829895,False,False,False
749,1788036708.17048,232.75203122593896,0.3954853117465973,False,False,False
750,1788036708.2057724,240.04780828049303,0.3958498537540436,False,False,False
751,1788036708.2775831,257.7753011590205,0.3838860094547272,False,False,False
752,1788036708.3112972,265.74340799552965,0.3948957920074463,True,False,True
753,1788036708.3459697,267.65329694395984,0.3933093845844269,True,False,True
754,1788036708.380783,274.6772775024003,0.3940502405166626,True,False,True
755,1788036708.4156423,279.33908147900314,0.39517953991889954,True,False,True
756,1788036708.4503682,280.6082887643016,0.3912634253501892,True,False,True
757,1788036708.4855971,277.349373169147,0.39552032947540283,True,False,True
758,1788036708.519541,280.6919808643366,0.388899028301239,True,False,True
759,1788036708.556395,287.2049082045225,0.39543503522872925,True,False,True
760,1788036708.5880227,292.2689138213568,0.40412992238998413,True,False,True
761,1788036708.6217065,293.2282904485262,0.40610796213150024,False,False,False
762,1788036708.6564775,290.69733349337434,0.4081782102584839,False,False,False
763,1788036708.6891296,290.5560717076609,0.379739910364151,False,False,False
764,1788036708.7226877,292.6583861348848,0.3794948160648346,False,False,False
765,1788036708.7568414,298.1140691377283,0.37867310643196106,False,False,False
766,1788036708.7916691,305.44382373607556,0.3845810294151306,False,False,False
767,1788036708.825185,311.3222142407174,0.38749486207962036,False,False,False
768,1788036708.8597288,314.9720966457457,0.3923036456108093,False,False,False
769,1788036708.893569,317.61312521500105,0.3940269351005554,False,False,False
770,1788036708.9292037,318.6913805702572,0.39044082164764404,False,False,False
771,1788036708.961966,320.3683640037207,0.39372915029525757,False,False,False
772,1788036708.9919908,320.241998175451,0.39084523916244507,False,False,False
773,1788036709.0286129,323.58394006137956,0.379858136177063,False,False,False
774,1788036709.0574114,328.6970600495728,0.38997387886047363,False,False,False
775,1788036709.092389,330.4150654527201,0.3892403841018677,False,False,False
776,1788036709.1260083,330.69064841213975,0.38501858711242676,False,False,False
777,1788036709.1645136,330.0141143900151,0.3847854733467102,False,False,False
778,1788036709.198054,330.6811057497683,0.3866928517818451,False,False,False
779,1788036709.2315705,331.259145829749,0.3854304552078247,False,False,False
780,1788036709.2639718,329.99108191521,0.37354376912117004,False,False,False
781,1788036709.2998643,328.50477638753046,0.37560248374938965,False,False,False
782,1788036709.3346002,326.7068430635259,0.378824919462204,False,False,False
783,1788036709.3681462,322.8131266120115,0.3750978410243988,False,False,False
784,1788036709.402699,314.72294025401584,0.3715459406375885,False,False,False
785,1788036709.4360838,306.36292963526284,0.36955031752586365,False,False,False
786,1788036709.4715037,293.80285368093126,0.37638404965400696,False,False,False
787,1788036709.5032625,294.08201377434017,0.3832649886608124,False,False,False
788,1788036709.5379279,284.59464292625904,0.3750898838043213,False,False,False
789,1788036709.5700552,278.0796966328987,0.3802753686904907,False,False,False
790,1788036709.6042671,271.367228553813,0.3786473274230957,False,False,False
791,1788036709.638633,267.16387901305586,0.38481825590133667,False,False,False
792,1788036709.6689157,262.01515342603676,0.3839903175830841,False,False,False
793,1788036709.706923,258.93772413566006,0.3869507312774658,False,False,False
794,1788036709.7405276,253.9671478006061,0.3833833336830139,False,False,False
795,1788036709.774511,250.0544189880666,0.3898523449897766,False,False,False
796,1788036709.7920942,246.09169492673314,0.391459584236145,False,False,False
797,1788036709.8423626,241.27955987702316,0.39565926790237427,False,False,False
798,1788036709.8762956,237.09810382320168,0.38983526825904846,False,False,False
799,1788036709.9097135,232.84229403392533,0.38062191009521484,False,False,False
800,1788036709.943019,227.33628058382502,0.37822067737579346,False,False,False
801,1788036709.9601393,225.56350621281024,0.38430580496788025,False,False,False
802,1788036710.009667,220.88006619965878,0.38482534885406494,False,False,False
803,1788036710.042085,217.0677820826952,0.38018789887428284,False,False,False
804,1788036710.0772092,215.41164589963472,0.39532744884490967,False,False,False
805,1788036710.111527,207.84413855906556,0.2942182421684265,False,False,False
806,1788036710.1410847,185.01463206630373,0.30020347237586975,False,False,False
999,1788036719.9445899,204.53579795758105,0.33595746755599976,True,True,True
1000,1788036719.9820912,208.0539333423879,0.3637195825576782,True,True,True
1001,1788036720.0291083,205.62530693053685,0.3838646113872528,True,True,True
1002,1788036720.0629363,199.73233187607,0.3873599171638489,True,True,True
1003,1788036720.0996716,196.93436424958898,0.3815634846687317,True,True,True
1004,1788036720.133422,197.46213751373443,0.3939395844936371,True,True,True
1005,1788036720.151224,200.0524165496421,0.4007464647293091,True,True,True
1006,1788036720.2015412,201.84095848251124,0.404825896024704,False,True,True
1007,1788036720.236254,198.60370994809264,0.4077218174934387,False,True,True
1008,1788036720.2708876,193.74813247732143,0.4023815989494324,False,True,True
1009,1788036720.3063219,189.68724388253298,0.4047894775867462,False,True,True
1010,1788036720.34031,186.46041130586028,0.4101647734642029,False,True,True
1011,1788036720.3750231,183.89750756775254,0.41462841629981995,False,True,True
1012,1788036720.3927395,181.242470517234,0.41565853357315063,False,True,True
1013,1788036720.4433188,181.94239214617636,0.42620164155960083,False,False,False
1014,1788036720.4626226,179.62859746289746,0.4196438193321228,False,False,False
1015,1788036720.5131574,180.42343553898814,0.42014431953430176,False,False,False
1016,1788036720.5477052,181.2438138469808,0.42405882477760315,False,False,False
1017,1788036720.5827549,181.2576698503658,0.427579402923584,False,False,False
1018,1788036720.6169684,183.1193767679933,0.43285733461380005,False,False,False
1019,1788036720.6348274,183.58502446188373,0.43815580010414124,False,False,False
1020,1788036720.6839597,184.14077528816696,0.4386497139930725,False,False,False
1021,1788036720.7201293,185.74465259534222,0.4289482831954956,False,False,False
1022,1788036720.754773,188.23349223614346,0.42487773299217224,False,False,False
1023,1788036720.7897613,189.38465678585374,0.42644694447517395,False,False,False
1024,1788036720.824471,190.13556064681518,0.4280681610107422,False,False,False
1025,1788036720.8581302,189.42546372861648,0.43031036853790283,False,False,False
1026,1788036720.8920593,191.44492047852842,0.4294072687625885,False,False,False
1027,1788036720.9267106,192.60901291440965,0.43043580651283264,False,False,False
1028,1788036720.9612942,194.56384552198855,0.42770469188690186,False,False,False
1029,1788036720.9964056,195.66446190519613,0.43111905455589294,False,False,False
1030,1788036721.0302756,196.773307109448,0.43690818548202515,False,False,False
1031,1788036721.0647533,198.58302077318544,0.43782931566238403,False,False,False
1032,1788036721.0996096,202.3123322695594,0.4378439784049988,False,False,False
1033,1788036721.1339703,204.56930016188406,0.4386790990829468,False,False,False
1034,1788036721.1679862,206.69944317171488,0.43914681673049927,False,False,False
1035,1788036721.203241,207.9749682158706,0.4385855793952942,False,False,False
1036,1788036721.2382889,216.57639977593823,0.4432494640350342,False,False,False
1037,1788036721.2729669,219.46359230481684,0.4410630762577057,False,False,False
1038,1788036721.3064272,221.5746136708335,0.4436347484588623,False,False,False
1039,1788036721.340057,225.0381722735942,0.4426693320274353,False,False,False
1040,1788036721.3735828,228.39615569675288,0.443795770406723,False,False,False
1041,1788036721.4303384,235.8994935144887,0.44230228662490845,False,False,False
1042,1788036721.4650235,238.76940838328161,0.44890087842941284,False,False,False
1043,1788036721.5101156,241.57705083671874,0.4419934153556824,False,False,False
1044,1788036721.5448933,245.46085978951984,0.4488973021507263,False,False,False
1045,1788036721.5796683,245.62276307070135,0.45344969630241394,False,False,False
1046,1788036721.6145241,248.77490359926554,0.44639652967453003,False,False,False
1047,1788036721.6491363,252.24477597244092,0.44989776611328125,False,False,False
1048,1788036721.6825235,257.41254136812665,0.4515742063522339,False,False,False
1049,1788036721.716137,260.29095364113334,0.44693273305892944,False,False,False
1050,1788036721.735311,264.9308151393484,0.44735485315322876,False,False,False
1051,1788036721.7871783,268.7974614083826,0.4446755051612854,False,False,False
1052,1788036721.8189776,272.4202538627506,0.4515323340892792,False,False,False
1053,1788036721.8526776,274.8978810515173,0.4494383931159973,False,False,False
1054,1788036721.887463,281.8489098352444,0.44195815920829773,False,False,False
1055,1788036721.9228082,286.62856981866594,0.4403149485588074,False,False,False
1056,1788036721.9577415,285.9318317262195,0.441993772983551,False,False,False
1057,1788036721.9942055,290.81144514616324,0.4374021589756012,False,False,False
1058,1788036722.0256767,293.7410164404156,0.4372013807296753,False,False,False
1059,1788036722.061139,296.76586749318676,0.43433845043182373,False,False,False
1060,1788036722.0945013,300.67919798864625,0.43498528003692627,False,False,False
1061,1788036722.1216571,303.8461526348707,0.4291561245918274,False,False,False
1062,1788036722.1614716,305.54499238310876,0.42553412914276123,False,False,False
1063,1788036722.1920688,308.4584539953376,0.42180246114730835,False,False,False
1064,1788036722.2319365,311.40148477415926,0.41675543785095215,False,False,False
1065,1788036722.2640786,313.7956165396011,0.3920510411262512,False,False,False
1066,1788036722.2995486,320.4882710027044,0.3766059875488281,False,False,False
1067,1788036722.3219385,321.86836568998245,0.36143553256988525,False,False,False
1068,1788036722.353871,322.35032796799726,0.3697955906391144,False,False,False
1069,1788036722.393799,329.3725454244312,0.42339515686035156,False,False,False
1070,1788036722.4163759,332.25784089528094,0.4638599455356598,False,False,False
1071,1788036722.499017,330.05814528913675,0.4021681547164917,False,False,False
1072,1788036722.5328555,328.3157196383105,0.32858824729919434,False,False,False
1073,1788036722.5663636,349.1020776128629,0.29557400941848755,False,False,False
1074,1788036722.596309,355.0229342367991,0.32299095392227173,False,False,False
1075,1788036722.6745293,358.2378845712078,0.3367399573326111,False,False,False
1076,1788036722.7135704,360.20766344555045,0.33706992864608765,False,False,False
1077,1788036722.7485912,365.59101620012956,0.3436528742313385,False,False,False
1078,1788036722.7832491,364.00582719772734,0.34283682703971863,False,False,False
1079,1788036722.8036623,365.7330667312067,0.34275761246681213,False,False,False
1080,1788036722.838519,365.2777503379458,0.3424183130264282,False,False,False
1081,1788036722.871871,365.00337635745893,0.33574748039245605,False,False,False
1082,1788036722.906131,364.3876490219836,0.3225793242454529,False,False,False
1083,1788036722.955761,359.1239669482134,0.28059375286102295,False,False,False
1084,1788036722.974519,358.04278389207434,0.2788091003894806,False,False,False
1085,1788036723.024139,358.7634147821654,0.2766234278678894,False,False,False
1086,1788036723.0429633,345.7126958870324,0.2055666744709015,False,False,False
1087,1788036723.0938458,357.47143669587126,0.278359055519104,False,False,False
1088,1788036723.128656,355.8859812972625,0.2518421411514282,False,False,False
1089,1788036723.163311,348.591685500438,0.1940179467201233,False,False,False
1090,1788036723.190161,356.482174634554,0.26012253761291504,False,False,False
1091,1788036723.2327821,358.1452723970214,0.2782285511493683,False,False,False
1092,1788036723.2669628,348.7438793568315,0.1915467381477356,False,False,False
1093,1788036723.302009,361.1117358877424,0.30761170387268066,False,False,False
1094,1788036723.3370678,351.67782270318475,0.24183303117752075,False,False,False
1095,1788036723.370892,348.2942409465452,0.24455559253692627,False,False,False
1096,1788036723.4063435,347.9111800458063,0.2404499053955078,False,False,False
1097,1788036723.4413753,347.4678431338781,0.24940232932567596,False,False,False
1098,1788036723.4761512,351.2837704730699,0.3052424192428589,False,False,False
1099,1788036723.5106115,338.8338460132424,0.2905573546886444,False,False,False
1100,1788036723.5298274,329.1009402272222,0.2685980796813965,False,False,False
1101,1788036723.5639925,324.1789683845225,0.2873365581035614,False,False,False
1102,1788036723.6129153,315.87347382165547,0.28989723324775696,False,False,False
1103,1788036723.6477008,307.0751119523657,0.33884239196777344,False,False,False
1104,1788036723.682319,305.63726529231303,0.43214160203933716,False,True,True
1105,1788036723.7171576,304.5204310888495,0.459114670753479,False,True,True
1106,1788036723.7522707,305.6403758931206,0.4570581018924713,False,True,True
1107,1788036723.7912464,302.7571481406585,0.4525061845779419,False,True,True
1108,1788036723.8222044,300.9656409251133,0.4314672350883484,False,True,True
1109,1788036723.8571851,306.25622925444446,0.4328344464302063,False,True,True
1110,1788036723.8915088,312.49232644699947,0.44749438762664795,False,True,True
1111,1788036723.9265401,309.1568003271228,0.4363439083099365,False,False,False
1112,1788036723.9626985,301.74103002553676,0.4294474720954895,False,False,False
1113,1788036723.993688,298.3605736171516,0.36997225880622864,False,False,False
1114,1788036724.0289783,298.7301585970997,0.40456902980804443,False,False,False
1115,1788036724.0626726,302.63744159603027,0.4611438512802124,False,False,False
1116,1788036724.1128225,304.29194100446904,0.4606493413448334,False,False,False
1117,1788036724.1496851,303.4986707345046,0.41413283348083496,False,False,False
1118,1788036724.1880133,296.22155642549586,0.4490043818950653,False,False,False
1119,1788036724.2180147,289.4254277579751,0.4667392373085022,False,False,False
1120,1788036724.254708,285.67552198280276,0.4723561108112335,False,False,False
1121,1788036724.2690372,294.10729579442665,0.4477917551994324,False,False,False
1122,1788036724.3214817,291.27411688987,0.436955988407135,False,False,False
1123,1788036724.3554723,291.6642882932966,0.4283713102340698,False,False,False
1124,1788036724.3865159,291.7444952237849,0.44745177030563354,False,False,False
1125,1788036724.4211612,296.2198857958246,0.4588238000869751,False,False,False
1126,1788036724.4555445,301.41506312013587,0.443689227104187,False,False,False
1127,1788036724.489643,297.571335808621,0.4538705348968506,False,False,False
1128,1788036724.5232892,293.1715000846263,0.451850026845932,False,False,False
1129,1788036724.5566459,292.71514943551745,0.456007182598114,False,False,False
1130,1788036724.5911336,292.43462393962784,0.45469945669174194,False,False,False
1131,1788036724.6242244,293.20888583639515,0.455044150352478,False,False,False
1132,1788036724.6579316,298.01812701556776,0.45973068475723267,False,False,False
1133,1788036724.693723,302.6906472917924,0.4627353549003601,False,False,False
1134,1788036724.729543,306.909103205205,0.4588249921798706,False,False,False
1135,1788036724.7603812,309.10513194767964,0.45566803216934204,False,False,False
1136,1788036724.795813,310.49608751508146,0.45056861639022827,False,False,False
1137,1788036724.83451,311.9370649570955,0.448358952999115,False,False,False
1138,1788036724.8586848,313.51027059912343,0.449329674243927,False,False,False
1139,1788036724.8941662,315.2765903826124,0.4506235122680664,False,False,False
1140,1788036724.9220333,315.0857053993424,0.44068026542663574,False,False,False
1141,1788036724.956678,315.2736785386277,0.4458310604095459,False,False,False
1142,1788036724.9913568,314.6949085186241,0.43813836574554443,False,False,False
1143,1788036725.0273738,312.77437789655,0.44159919023513794,False,False,False
1144,1788036725.0532408,309.8865171009217,0.4351453483104706,False,False,False
1145,1788036725.0738943,301.285005325389,0.42000845074653625,False,False,False
1146,1788036725.1113493,287.75273230308426,0.39748716354370117,False,False,False
1147,1788036725.1396048,253.16768668241284,0.381564736366272,False,False,False
1148,1788036725.1716769,178.88540201085107,0.29831641912460327,False,False,False
1149,1788036725.2032459,144.78196056847233,0.333401083946228,False,False,False
1158,1788036725.6604874,139.97598014046775,0.37832996249198914,False,False,False
1159,1788036725.7114136,141.62559468429689,0.4316974878311157,False,False,False
1160,1788036725.7462,147.41064282907658,0.43405771255493164,False,False,False
1161,1788036725.7805674,154.62411853809587,0.423904687166214,False,False,False
1162,1788036725.8133502,166.01520186131478,0.41461628675460815,True,True,True
1163,1788036725.831626,176.82049458279798,0.43551358580589294,True,True,True
1164,1788036725.8644478,184.58625450286172,0.4152773916721344,True,True,True
1165,1788036725.9135864,195.2099361673909,0.4194372296333313,True,True,True
1166,1788036725.9472206,203.79890005235072,0.4216727018356323,True,False,True
1167,1788036725.9803715,209.91227433026745,0.4211428463459015,True,False,True
1168,1788036726.013828,214.82707724030377,0.4241434335708618,True,False,True
1169,1788036726.047436,216.63640581666914,0.4216018319129944,True,True,True
1170,1788036726.0811384,216.25025171849785,0.4133352041244507,True,False,True
1171,1788036726.113971,211.35283837575074,0.40034782886505127,True,False,True
1172,1788036726.1471033,203.233501333403,0.4026472866535187,True,False,True
1173,1788036726.1818216,186.07597496246814,0.385892391204834,False,False,False
1174,1788036726.2162912,167.30882339507332,0.3669964671134949,False,False,False
1175,1788036726.249867,146.09138927094912,0.3591991066932678,False,False,False
1176,1788036726.2844815,137.9604148422026,0.3697381615638733,False,False,False
1177,1788036726.319512,125.87426646758561,0.34705236554145813,False,False,False
1178,1788036726.3542893,112.1295573182627,0.3201585114002228,False,False,False
1179,1788036726.3892148,105.32998248953994,0.2889942526817322,False,False,False
1180,1788036726.4239938,107.00612779542507,0.26557090878486633,False,False,False
1181,1788036726.4588423,115.27552807432042,0.27127164602279663,False,False,False
1182,1788036726.4782717,115.98976607191364,0.23587942123413086,False,False,False
1183,1788036726.52871,121.07334188193676,0.23135173320770264,False,False,False
1184,1788036726.5637038,144.06697303636065,0.28333351016044617,False,False,False
1185,1788036726.5976698,153.00709172860422,0.27546074986457825,False,False,False
1226,1788036728.4842834,143.19013594141703,0.23653720319271088,True,True,True
1227,1788036728.509991,142.96540232939714,0.2325187772512436,True,True,True
1228,1788036728.535135,143.21202460359413,0.2573804259300232,True,True,True
1258,1788036729.8872008,143.98836229055692,0.3180931508541107,True,True,True
1259,1788036729.9164655,151.29229349159777,0.3756847679615021,True,True,True
1260,1788036729.9386642,154.14032073253608,0.42948228120803833,True,True,True
1261,1788036729.983344,147.04395311027633,0.4278751015663147,True,True,True
1262,1788036730.0210652,143.207031910458,0.423064649105072,True,True,True
1263,1788036730.0542846,140.4799497838027,0.45347657799720764,True,True,True
1264,1788036730.0879202,141.32299777120718,0.46453893184661865,True,True,True
1265,1788036730.1219416,142.87899925678738,0.4713529050350189,False,True,True
1266,1788036730.1570332,148.56783005694146,0.48163002729415894,False,True,True
1267,1788036730.1917171,151.64758144747998,0.4916115403175354,False,True,True
1268,1788036730.2231174,153.7944616003953,0.49005812406539917,True,True,True
1269,1788036730.2588544,157.44935870407605,0.5004143118858337,True,True,True
1270,1788036730.277824,161.3116034439292,0.5066338777542114,True,True,True
1271,1788036730.326893,164.97952945335484,0.5054994225502014,True,True,True
1272,1788036730.3604496,170.88371026229257,0.5202363133430481,False,True,True
1273,1788036730.3788235,175.2389876311188,0.519263744354248,False,False,False
1274,1788036730.4125524,179.30327727023035,0.5180882215499878,False,False,False
1275,1788036730.4623103,184.60965315516628,0.5192971229553223,False,False,False
1276,1788036730.4974854,188.5496152467822,0.518589973449707,False,False,False
1277,1788036730.5324526,194.90402916394322,0.514892578125,False,False,False
1278,1788036730.5662367,202.61967412258363,0.5137189626693726,False,False,False
1279,1788036730.6001067,209.5580583267905,0.5172271132469177,False,False,False
1280,1788036730.6346116,215.06027806141844,0.5154982805252075,False,False,False
1281,1788036730.6697807,222.37457519981294,0.5155441761016846,False,False,False
1282,1788036730.705797,228.372473729805,0.5104667544364929,True,False,True
1283,1788036730.7391138,235.0467342309431,0.5061161518096924,True,False,True
1284,1788036730.7738485,242.80862178619682,0.5006164312362671,True,False,True
1285,1788036730.824864,251.2035528276155,0.5035684108734131,True,False,True
1286,1788036730.8427863,258.30922737372634,0.5076115727424622,True,False,True
1287,1788036730.8779223,266.33553104176707,0.5035704374313354,True,False,True
1288,1788036730.9118679,274.76155401186554,0.510703980922699,True,False,True
1289,1788036730.9467063,284.485587721434,0.5009600520133972,True,False,True
1290,1788036730.996909,291.6848429079986,0.4825950264930725,True,False,True
1291,1788036731.0316088,300.8930772006413,0.4817308187484741,True,False,True
1292,1788036731.0506687,308.7679863261722,0.46891435980796814,True,False,True
1293,1788036731.101121,316.6214943454864,0.4394339919090271,True,False,True
1294,1788036731.1198502,319.8969581986003,0.3768135905265808,True,False,True
1295,1788036731.1698468,327.3574023506219,0.352151483297348,True,False,True
1296,1788036731.2063494,331.5972424138778,0.3468700647354126,True,False,True
1297,1788036731.2351952,338.25806164989143,0.3243614137172699,False,False,False
1298,1788036731.268668,344.9851961972329,0.32904714345932007,False,False,False
1299,1788036731.3020337,353.0349970617113,0.3476436734199524,False,False,False
1300,1788036731.3354397,364.7470002591122,0.37615203857421875,False,False,False
1301,1788036731.3693407,377.7397992381298,0.28624293208122253,False,False,False
1302,1788036731.428871,398.60720987406205,0.26635974645614624,False,False,False
1303,1788036731.4625514,387.503182048703,0.25622063875198364,False,False,False
1304,1788036731.4959772,390.4362532781517,0.20693664252758026,False,False,False
1317,1788036732.115009,222.06604980029957,0.6407787799835205,False,False,False
1318,1788036732.1406229,222.92336282420155,0.516311764717102,False,True,True
1319,1788036732.1760163,251.6834011186974,0.30083712935447693,True,True,True
1320,1788036732.2142642,316.81282382810934,0.2598356008529663,True,True,True
1321,1788036732.2615838,345.8480620040338,0.23095929622650146,True,True,True
1322,1788036732.2979941,354.99769767402745,0.2217210978269577,True,True,True
1323,1788036732.3330078,319.49728528557466,0.18809399008750916,True,False,True
1324,1788036732.3679168,274.97060562032436,0.42404797673225403,True,False,True
1325,1788036732.4015145,234.82696482925675,0.5554019212722778,True,True,True
1326,1788036732.4350758,229.13077256616657,0.5588245391845703,False,True,True
1327,1788036732.4667525,237.33832360647085,0.5095076560974121,False,True,True
1328,1788036732.5007508,274.2344525943717,0.2975507080554962,False,True,True
1329,1788036732.5352736,274.50883907465834,0.288528174161911,False,True,True
1330,1788036732.5556433,303.85098766005405,0.23602665960788727,True,False,True
1331,1788036732.5898747,338.2263349778481,0.26105278730392456,False,False,False
1332,1788036732.6231403,337.17511070810986,0.15993183851242065,False,False,False
1335,1788036732.7819915,197.66219914716157,0.57514488697052,False,False,False
1336,1788036732.8212996,201.66103232394545,0.4909300208091736,False,False,False
1337,1788036732.8512325,225.1550530239151,0.3878750801086426,False,False,False
1338,1788036732.888332,264.2196338095708,0.17032508552074432,False,False,False
1343,1788036733.169068,166.57411740895643,0.3727545738220215,False,False,False
1344,1788036733.2062113,169.14654156303237,0.3385780453681946,False,False,False
1345,1788036733.226313,166.54384156239382,0.4037530720233917,False,False,False
1346,1788036733.2739584,188.00703920356153,0.47522538900375366,False,False,False
1347,1788036733.3073335,186.41426592768053,0.46248215436935425,False,False,False
1348,1788036733.3385663,186.09094234373163,0.47443342208862305,False,True,True
1349,1788036733.3738103,183.73353455680407,0.4591298997402191,True,True,True
1350,1788036733.4278114,184.3896853059624,0.4727173447608948,True,True,True
1351,1788036733.4478009,184.52881738972823,0.4735834300518036,True,True,True
1352,1788036733.495665,184.69442310895806,0.4755755662918091,True,True,True
1353,1788036733.529082,184.43688822446464,0.4705680012702942,False,True,True
1354,1788036733.5506995,184.16339723361844,0.47337615489959717,False,True,True
1355,1788036733.5916219,183.43503071893878,0.47172096371650696,False,True,True
1356,1788036733.6370578,183.16599974036967,0.45357251167297363,False,False,False
1357,1788036733.671558,183.6673251605149,0.4714353084564209,False,False,False
1358,1788036733.7062013,184.11737287446812,0.45774024724960327,False,False,False
1359,1788036733.7396708,190.38619464864271,0.45119962096214294,False,False,False
1360,1788036733.7714748,199.91459425484982,0.46077772974967957,False,False,False
1361,1788036733.80472,223.35869387400035,0.250203400850296,False,False,False
1362,1788036733.8396652,306.1735940560672,0.2466927170753479,False,False,False
1364,1788036733.945746,363.1876648172411,0.3077048659324646,False,False,False
1365,1788036733.9870634,378.6120253888414,0.2944401502609253,True,False,True
1366,1788036734.018098,385.61335768669954,0.2697623372077942,True,False,True
1369,1788036734.1526003,207.73908097830477,0.44302475452423096,False,False,False
1370,1788036734.1788356,237.92624280303232,0.4686816930770874,False,False,False
1371,1788036734.2310526,299.29180354835273,0.403161883354187,False,False,False
1372,1788036734.26279,317.5841990743663,0.32415252923965454,False,False,False
1373,1788036734.2956927,339.69852319232655,0.336652934551239,False,False,False
1374,1788036734.3279674,347.25562355471965,0.310502827167511,False,False,False
1375,1788036734.373153,354.3103844807386,0.25676167011260986,False,True,True
1376,1788036734.4067614,317.20925894098104,0.3362148404121399,True,False,True
1377,1788036734.440975,312.63632214737754,0.3444203734397888,True,False,True
1378,1788036734.4650435,230.14930816405038,0.435802698135376,False,True,True
1379,1788036734.4957058,213.5793979482948,0.5365685820579529,False,True,True
1380,1788036734.5401542,211.31843819693472,0.440946102142334,False,True,True
1381,1788036734.5764356,231.82159893355256,0.3601365089416504,False,True,True
1382,1788036734.6047764,257.5520495567246,0.2743777632713318,False,True,True
1383,1788036734.6411414,314.38562281926744,0.3928984999656677,False,False,False
1384,1788036734.6730268,322.1314035130163,0.45242840051651,False,False,False
1385,1788036734.7063384,270.03986019452964,0.43029236793518066,False,False,False
1386,1788036734.7465966,236.47686217068673,0.5820423364639282,False,True,True
1387,1788036734.7824018,225.00363610894135,0.5747351050376892,False,False,False
1388,1788036734.815906,225.27294929463733,0.5686056613922119,False,False,False
1389,1788036734.8502655,223.77848006575232,0.5528402328491211,False,True,True
1390,1788036734.8837264,225.3459167270679,0.5424088835716248,False,True,True
1391,1788036734.9157128,224.48065648603645,0.5418523550033569,False,True,True
1392,1788036734.9572337,222.173609287299,0.5469366312026978,False,True,True
1393,1788036734.9917645,222.46939505276782,0.561523973941803,False,False,False
1394,1788036735.0139422,218.97475945639806,0.5695540904998779,False,False,False
1395,1788036735.0442069,207.00680704814647,0.5571826100349426,False,True,True
1396,1788036735.08627,205.37220942634312,0.5481199622154236,False,False,False
1397,1788036735.1141264,201.82807139627465,0.5453972816467285,False,False,False
1398,1788036735.1535382,198.2945802893657,0.540610671043396,False,False,False
1399,1788036735.1851053,196.80193321235683,0.5370315313339233,False,False,False
1400,1788036735.227217,192.4859232232471,0.5264625549316406,False,False,False
1401,1788036735.2622228,185.6050416024525,0.4797245264053345,False,False,False
1402,1788036735.2968435,180.500731703173,0.425932377576828,False,False,False
1403,1788036735.3309286,178.79317898552927,0.3754563331604004,False,False,False
1404,1788036735.3640945,177.02327760103583,0.323941707611084,False,False,False
1405,1788036735.3974478,159.60280114528618,0.2558923661708832,False,False,False
1406,1788036735.431226,149.05639242064746,0.25743114948272705,False,False,False
1407,1788036735.4519427,137.68330140973345,0.2320569008588791,False,False,False
1408,1788036735.4896193,124.334088380897,0.21681317687034607,False,False,False
1409,1788036735.5331948,125.00578585713767,0.16293831169605255,False,False,False
1502,1788036739.8615296,361.57371999725274,0.02658199891448021,True,True,True
1503,1788036739.8894901,362.64812785490204,0.01831057108938694,True,True,True
1504,1788036739.9212608,365.3442275016373,0.02275536209344864,True,True,True
1505,1788036739.9593446,369.5224185325846,0.022860361263155937,True,True,True
1506,1788036739.9960988,370.4497961065223,0.03061218187212944,True,True,True
1507,1788036740.0346196,368.4937674261012,0.024884022772312164,True,True,True
1508,1788036740.069364,363.80679692609937,0.025555327534675598,True,True,True
1509,1788036740.102372,361.49650893125374,0.031557001173496246,True,True,True
1510,1788036740.1219277,357.78427773621604,0.026851780712604523,False,True,True
1511,1788036740.1716702,354.99098753811654,0.025903455913066864,False,True,True
1512,1788036740.1953287,351.7676570822051,0.025545690208673477,False,True,True
1513,1788036740.23953,348.44089363051364,0.02650534361600876,False,False,False
1514,1788036740.2692385,347.77708080768775,0.025841616094112396,False,False,False
1515,1788036740.307717,347.51935247319824,0.018819358199834824,False,False,False
1516,1788036740.3425071,345.1075353689996,0.0255589596927166,False,False,False
1517,1788036740.3761258,343.8337507128285,0.03159523382782936,False,False,False
1518,1788036740.42266,342.3294215341393,0.032206714153289795,False,False,False
1519,1788036740.455546,340.8684278234362,0.02552969753742218,False,False,False
1520,1788036740.4853034,341.3194807721881,0.02311067469418049,False,False,False
1521,1788036740.5225694,341.8311740944439,0.021400127559900284,False,False,False
1522,1788036740.5401833,342.24376571698804,0.02968122437596321,False,False,False
1523,1788036740.5903063,343.9566778651314,0.034409042447805405,False,False,False
1524,1788036740.62324,343.8010072011538,0.038124531507492065,False,False,False
1525,1788036740.656788,342.5884500133446,0.034854985773563385,False,False,False
1526,1788036740.688554,341.1813284538366,0.03430778533220291,False,False,False
1527,1788036740.7233675,339.54251298660853,0.03894516080617905,False,False,False
1528,1788036740.7567575,336.77635674456985,0.027552202343940735,False,False,False
1529,1788036740.7931395,335.4202053940788,0.02878725714981556,False,False,False
1530,1788036740.8265975,335.621164928916,0.015544069930911064,False,False,False
1531,1788036740.8598347,339.9089959571734,0.017716724425554276,False,False,False
1532,1788036740.8910522,342.11283432633695,0.024372093379497528,False,False,False
1533,1788036740.9257822,341.9608929592346,0.02944228984415531,False,False,False
1534,1788036740.962939,341.53673810281305,0.03213537856936455,False,False,False
1535,1788036740.9974124,340.1217789521373,0.03318996727466583,False,False,False
1536,1788036741.0241318,337.15985628711667,0.039139606058597565,False,False,False
1537,1788036741.0579455,336.8110942081233,0.03594181686639786,False,False,False
1538,1788036741.0828629,335.77694058914733,0.02789914980530739,False,False,False
1539,1788036741.1243658,335.45463745717194,0.009498396888375282,False,False,False
1540,1788036741.154361,339.6476811788781,0.01838730275630951,False,False,False
1541,1788036741.2033522,344.29331026168023,0.02320556715130806,False,False,False
1542,1788036741.224987,342.72207653172404,0.027883347123861313,False,False,False
1543,1788036741.2591355,341.6639834657893,0.031122352927923203,False,False,False
1544,1788036741.2929351,338.7238259224239,0.02905995212495327,False,False,False
1545,1788036741.3352468,337.1504416524353,0.03511654958128929,False,False,False
1546,1788036741.3723254,335.2242411536274,0.03549452871084213,False,False,False
1547,1788036741.3949187,333.91629903579883,0.035866878926754,False,False,False
1548,1788036741.4409142,335.1891280894496,0.03628258407115936,False,False,False
1549,1788036741.4797733,337.9936641371522,0.027348069474101067,False,False,False
1550,1788036741.4973109,341.2532621147404,0.023848239332437515,False,False,False
1551,1788036741.5311017,343.24317242688045,0.030712230131030083,False,False,False
1552,1788036741.5819979,342.63651831712616,0.04213687777519226,False,False,False
1553,1788036741.6020455,338.5523623398883,0.048859596252441406,False,True,True
1554,1788036741.6525688,338.2611255167033,0.035228874534368515,False,True,True
1555,1788036741.6845498,339.72419013248754,0.0336131788790226,False,False,False
1556,1788036741.7185655,342.60490006600577,0.030076857656240463,False,False,False
1557,1788036741.7537544,342.8947686131365,0.029580751433968544,False,False,False
1558,1788036741.7711189,342.543050600203,0.0332067534327507,False,False,False
1559,1788036741.8204033,343.0146629200521,0.033843107521533966,False,False,False
1560,1788036741.850113,343.02942167271914,0.03488638252019882,False,False,False
1561,1788036741.887409,342.28049949981886,0.044101063162088394,False,False,False
1562,1788036741.920781,341.25850287739286,0.04128217697143555,False,False,False
1563,1788036741.9550042,339.6885540226899,0.0375264473259449,False,False,False
1564,1788036741.9747014,338.1929126486013,0.04132582247257233,False,False,False
1565,1788036742.0421243,339.1198619416358,0.02888662740588188,False,False,False
1566,1788036742.0659542,342.2072060223115,0.034253958612680435,False,False,False
1568,1788036742.1573164,336.84077949667255,0.08976767212152481,False,False,False
1569,1788036742.1906207,336.9995588650673,0.07578243315219879,False,True,True
1570,1788036742.2318106,335.6508214433744,0.08217736333608627,False,True,True
1571,1788036742.2660904,335.7739375408015,0.07807423174381256,False,True,True
1572,1788036742.297086,336.0891537371276,0.07468895614147186,False,True,True
1573,1788036742.326672,337.06008062306205,0.0738850086927414,False,True,True
1574,1788036742.3647187,337.8866519647159,0.07744138687849045,False,True,True
1575,1788036742.3994346,338.7061446330949,0.07776959985494614,False,False,False
1576,1788036742.430547,338.9720951675134,0.080005943775177,False,True,True
1577,1788036742.4651413,339.46806174820927,0.08256775140762329,False,True,True
1578,1788036742.5012298,338.6024428381381,0.07382926344871521,False,True,True
1579,1788036742.5329132,341.1203343612636,0.08172878623008728,False,True,True
1580,1788036742.5654197,339.60971759239897,0.0757385715842247,False,True,True
1664,1788036746.5639656,304.8272385142066,0.5216460824012756,True,True,True
1665,1788036746.5882285,294.44345566453177,0.5207555890083313,True,True,True
1666,1788036746.638261,296.4262980512838,0.5279350280761719,True,True,True
1667,1788036746.666935,298.65606214109596,0.5238628387451172,True,True,True
1668,1788036746.7030897,302.9429014245995,0.5182619094848633,True,True,True
1669,1788036746.7403724,305.49031774398753,0.5033600330352783,True,True,True
1670,1788036746.7703717,306.06322018504505,0.5103594660758972,True,True,True
1671,1788036746.8064141,306.6126869326222,0.5089962482452393,True,False,True
1672,1788036746.8406482,304.72265588097054,0.5127869844436646,True,False,True
1673,1788036746.8763828,301.45101799335026,0.5116878151893616,True,False,True
1674,1788036746.9096024,300.88628668728796,0.5061447620391846,True,False,True
1675,1788036746.9431627,300.51900277999937,0.5069483518600464,False,False,False
1676,1788036746.9768412,300.10127144052666,0.5094496607780457,False,True,True
1677,1788036747.0157814,301.89349727399036,0.5029076337814331,False,False,False
1678,1788036747.0667498,303.18646123256303,0.5122742652893066,False,False,False
1679,1788036747.0975907,304.2494140892527,0.5009846687316895,False,False,False
1680,1788036747.1295428,305.2388650405702,0.4995630383491516,False,False,False
1681,1788036747.1647327,307.05165911668956,0.5014410018920898,False,False,False
1682,1788036747.1994143,307.3074122942076,0.5054020881652832,False,False,False
1683,1788036747.2358408,309.6404787365837,0.5050707459449768,False,False,False
1684,1788036747.269129,310.38876722401153,0.5036722421646118,False,False,False
1685,1788036747.286913,309.1553472605245,0.4987269937992096,False,False,False
1686,1788036747.3379395,311.98518559608755,0.5004391074180603,False,False,False
1687,1788036747.35409,312.8146893358147,0.48839065432548523,False,False,False
1688,1788036747.403188,314.06684146390734,0.48627883195877075,False,False,False
1689,1788036747.4248018,314.7853418727801,0.49284541606903076,False,False,False
1690,1788036747.4679475,314.951934191688,0.4814167320728302,False,False,False
1691,1788036747.4895458,314.80344596219055,0.4895283281803131,False,False,False
1692,1788036747.5359797,314.7777787178847,0.4956496059894562,False,False,False
1693,1788036747.555814,315.79308566171807,0.4840419292449951,False,False,False
1694,1788036747.6043963,316.2330447473073,0.4750906825065613,False,False,False
1695,1788036747.6358776,317.36956182153466,0.46975815296173096,False,False,False
1696,1788036747.666476,317.2245504385716,0.4755561649799347,False,False,False
1697,1788036747.701749,318.57720909864906,0.4692199230194092,False,False,False
1698,1788036747.7389162,319.19298292172994,0.47423648834228516,False,False,False
1699,1788036747.7678273,320.2412420469743,0.4702833890914917,False,False,False
1700,1788036747.804917,320.5268094186462,0.4716207683086395,False,False,False
1701,1788036747.8359132,320.3919381600615,0.46821245551109314,False,False,False
1702,1788036747.8748963,321.4397881236729,0.46423953771591187,False,False,False
1703,1788036747.9091756,321.2287864092089,0.4642334580421448,False,False,False
1704,1788036747.9401422,321.97764767386474,0.46371716260910034,False,False,False
1705,1788036747.9775505,320.7313631221801,0.46237242221832275,False,False,False
1706,1788036748.0116606,321.8622366444414,0.4672114849090576,False,False,False
1707,1788036748.0458143,321.1537230999172,0.46151208877563477,False,False,False
1708,1788036748.0695505,320.6635177176705,0.4655122756958008,False,False,False
1709,1788036748.1138191,320.6579035381812,0.4632326364517212,False,False,False
1710,1788036748.1473618,320.29612147712584,0.4604668915271759,False,False,False
1711,1788036748.1807091,320.8203943373503,0.4659661650657654,False,False,False
1712,1788036748.2140057,320.04923290624987,0.4605853855609894,False,False,False
1713,1788036748.247945,319.0406831536139,0.4651997685432434,False,False,False
1714,1788036748.2838173,317.2274308088366,0.4654044806957245,False,False,False
1715,1788036748.2991266,315.4687713671791,0.4689576327800751,False,False,False
1716,1788036748.3497007,313.4071437123164,0.4714798331260681,False,False,False
1717,1788036748.382367,310.1440519115802,0.4704599380493164,False,False,False
1718,1788036748.4158766,307.64259484533625,0.4703218340873718,False,False,False
1719,1788036748.4495282,307.2140464007801,0.4737781882286072,False,False,False
1720,1788036748.4832175,304.73271514208795,0.4718446135520935,False,False,False
1721,1788036748.5131028,303.2092415782799,0.473929762840271,False,False,False
1722,1788036748.5497987,301.601503825682,0.4747832119464874,False,False,False
1723,1788036748.5673862,300.1773295839572,0.4770354628562927,False,False,False
1724,1788036748.6101081,299.3853999687118,0.4755183756351471,False,False,False
1725,1788036748.6509202,297.5670970371251,0.4799845814704895,False,False,False
1726,1788036748.6696455,295.5721269778357,0.4785948395729065,False,False,False
1727,1788036748.7202141,293.62970029652894,0.4841387867927551,False,False,False
1728,1788036748.7559652,290.6595981240728,0.4792405664920807,False,False,False
1729,1788036748.7864819,287.29699072886893,0.4823882579803467,False,False,False
1730,1788036748.820405,286.7796993417194,0.48015445470809937,False,False,False
1731,1788036748.8539991,283.6050744355385,0.484668493270874,False,False,False
1732,1788036748.8871033,279.3319923738568,0.48049503564834595,False,False,False
1733,1788036748.920723,274.4091073243688,0.4833972454071045,False,False,False
1734,1788036748.954168,270.44449863669485,0.48697441816329956,False,False,False
1735,1788036748.9869087,265.904497119553,0.48813021183013916,False,False,False
1736,1788036749.0216498,263.04613568510837,0.49659836292266846,False,False,False
1737,1788036749.051334,260.1712714304203,0.49002891778945923,False,False,False
1738,1788036749.072469,255.1086976319799,0.4914335608482361,False,False,False
1739,1788036749.1216278,252.22587264036116,0.49539893865585327,False,False,False
1740,1788036749.154916,248.71772157775226,0.4943010210990906,False,False,False
1741,1788036749.1883562,248.3720097270706,0.49345099925994873,False,False,False
1742,1788036749.2218025,244.83976213097338,0.4986034035682678,False,False,False
1743,1788036749.2562532,240.8821694577697,0.49768590927124023,False,False,False
1744,1788036749.2977886,236.02784802829876,0.5022704601287842,False,False,False
1745,1788036749.332071,234.05651186350948,0.5010835528373718,False,False,False
1746,1788036749.3516107,230.35207636532738,0.4957403540611267,False,False,False
1747,1788036749.39904,227.37295543659454,0.49370884895324707,False,False,False
1748,1788036749.4325435,224.04626169148992,0.4901188015937805,False,False,False
1749,1788036749.4657834,221.96663692656008,0.49739962816238403,False,False,False
1750,1788036749.5002887,217.4443217945314,0.5079127550125122,False,False,False
1751,1788036749.5339377,216.51499256550682,0.5077501535415649,False,False,False
1752,1788036749.5683596,213.38469308939602,0.5022194385528564,False,False,False
1753,1788036749.5872924,212.08197902505222,0.49783560633659363,False,False,False
1754,1788036749.6362755,209.28647086571118,0.4979119300842285,False,False,False
1755,1788036749.6715848,204.5014273577182,0.5018351674079895,False,False,False
1756,1788036749.705965,203.96373917447266,0.504181981086731,False,False,False
1757,1788036749.731934,200.15048507513487,0.5030636191368103,False,False,False
1758,1788036749.7736948,199.24707571233026,0.5022192597389221,False,False,False
1759,1788036749.8051083,197.92074442701704,0.5049441456794739,False,False,False
1760,1788036749.8420362,196.81467757657288,0.50593101978302,False,False,False
1761,1788036749.8738592,195.5443728030714,0.5041550397872925,False,False,False
1762,1788036749.9082415,193.25243276964272,0.49505913257598877,False,False,False
1763,1788036749.9425166,192.90275528675562,0.5071315169334412,False,False,False
1764,1788036749.9760118,192.22313682682102,0.5013999342918396,False,False,False
1765,1788036750.0097928,190.6177366628783,0.5023459196090698,False,False,False
1766,1788036750.0444174,188.90525893448043,0.4976627826690674,False,False,False
1767,1788036750.1031582,187.77252133763355,0.48877665400505066,False,False,False
1768,1788036750.120822,190.53500385278744,0.4557022452354431,False,False,False
1769,1788036750.1553514,192.37757079418319,0.46562299132347107,False,False,False
1770,1788036750.2008576,192.69152985400572,0.46391797065734863,False,False,False
1771,1788036750.2719653,197.0946797029879,0.459497332572937,False,False,False
1772,1788036750.311229,199.6579487274363,0.4619597792625427,False,False,False
1773,1788036750.3409963,202.85379268799807,0.45138680934906006,False,False,False
1774,1788036750.3633413,198.83322585941934,0.45347774028778076,False,False,False
1775,1788036750.3989706,198.23162478781538,0.44943058490753174,False,False,False
1776,1788036750.4450905,200.45026230724415,0.4402323365211487,False,False,False
1777,1788036750.4780474,202.58917777836953,0.45144587755203247,False,False,False
1778,1788036750.5134447,205.0988047150186,0.4500610828399658,False,False,False
1779,1788036750.5411785,206.93450433607424,0.4500710964202881,False,False,False
1780,1788036750.5703106,207.35934730699995,0.41478821635246277,False,False,False
1781,1788036750.618324,202.71487845090678,0.3766377568244934,False,False,False
1782,1788036750.6494935,206.64964749722856,0.3762296438217163,False,False,False
1783,1788036750.6707172,205.4652968790761,0.3584881126880646,False,False,False
1784,1788036750.7201393,206.90016820284686,0.36657780408859253,False,False,False
1785,1788036750.7535012,204.34694426537158,0.3740691840648651,False,False,False
1786,1788036750.7871943,204.78507430017504,0.35990262031555176,False,False,False
1787,1788036750.8184853,205.16737352443835,0.37565135955810547,False,False,False
1788,1788036750.8519435,205.67347986763787,0.378604918718338,False,False,False
1789,1788036750.874965,207.23214022371,0.3762907385826111,False,False,False
1790,1788036750.913397,204.97837075557737,0.3721184730529785,False,False,False
1791,1788036750.9422538,204.67550785857034,0.3767338693141937,False,False,False
1792,1788036750.9887218,205.09796441227536,0.36656028032302856,False,False,False
1793,1788036751.0222247,202.46269851214973,0.3729914724826813,False,False,False
1794,1788036751.055809,201.41043617109656,0.37916243076324463,False,False,False
1795,1788036751.1044922,201.68411150355323,0.3819541931152344,False,False,False
1815,1788036752.1134653,168.0447111937671,0.35800543427467346,True,True,True
1816,1788036752.144793,179.01853411915107,0.4480225443840027,True,True,True
1817,1788036752.1666834,172.02352784515568,0.4464859664440155,True,True,True
1818,1788036752.1997886,171.7211001321002,0.45547324419021606,True,True,True
1819,1788036752.2412262,164.19035846418635,0.452039897441864,True,True,True
1820,1788036752.2662363,158.16616445482887,0.45027339458465576,True,True,True
1821,1788036752.3216321,157.81627106236596,0.44780153036117554,True,True,True
1822,1788036752.3548012,155.7822740014569,0.4514849781990051,False,True,True
1823,1788036752.3874679,156.4581761904916,0.46193641424179077,False,True,True
1824,1788036752.418868,157.47197396964754,0.4592077136039734,False,True,True
1825,1788036752.4449537,156.58068573908136,0.4596347510814667,False,True,True
1826,1788036752.4900408,159.08690409937753,0.4659879505634308,False,True,True
1827,1788036752.5259109,161.65117232658747,0.47893667221069336,True,True,True
1828,1788036752.5611634,163.29510984169985,0.4770917296409607,True,True,True
1829,1788036752.5926244,164.90762024538148,0.4745926260948181,False,False,False
1830,1788036752.6256464,166.3716542632139,0.47093063592910767,False,False,False
1831,1788036752.6571343,168.10868938433893,0.46636897325515747,False,False,False
1832,1788036752.6815429,168.9165870906948,0.4594171643257141,False,False,False
1833,1788036752.7270923,170.69519013635275,0.4630272388458252,False,False,False
1834,1788036752.7623284,172.50720991130706,0.4600130021572113,False,False,False
1835,1788036752.7816951,174.23672645874777,0.4543321132659912,False,False,False
1836,1788036752.8309376,176.54944793563948,0.446868896484375,False,False,False
1837,1788036752.850431,179.42202029015456,0.44133326411247253,False,False,False
1838,1788036752.8841274,180.41677395333727,0.43299996852874756,False,False,False
1839,1788036752.9316945,181.54657618352996,0.4392814338207245,False,False,False
1840,1788036752.9613867,183.44312308051678,0.42956769466400146,False,False,False
1841,1788036752.992261,186.03578491207307,0.4355098605155945,False,False,False
1842,1788036753.0262012,187.62816192931504,0.4336196482181549,False,False,False
1843,1788036753.0615525,188.44677650301995,0.4410693049430847,False,False,False
1844,1788036753.0948756,190.84818790664218,0.4336127042770386,False,False,False
1845,1788036753.121116,193.45848160067985,0.4297129511833191,False,False,False
1846,1788036753.1641662,196.3599666558696,0.427259624004364,False,False,False
1847,1788036753.20084,199.21800268505785,0.4266318082809448,False,False,False
1848,1788036753.2348614,201.30653049856448,0.4311283826828003,False,False,False
1849,1788036753.2532907,203.044345070041,0.4332730770111084,False,False,False
1850,1788036753.2967196,204.47790836220955,0.43019384145736694,False,False,False
1851,1788036753.328962,205.89483018056785,0.43017682433128357,False,False,False
1852,1788036753.3662477,205.88737391014226,0.42839035391807556,False,False,False
1853,1788036753.3878033,206.03004091393996,0.42675986886024475,False,False,False
1854,1788036753.4211147,205.58641212157445,0.4236789047718048,False,False,False
1855,1788036753.454595,202.6722666516312,0.41636890172958374,False,False,False
1856,1788036753.490192,199.78968396086668,0.4123796820640564,False,False,False
1857,1788036753.5323265,195.52948317209933,0.40677937865257263,False,False,False
1858,1788036753.5705829,191.39741180751813,0.4079946279525757,False,False,False
1859,1788036753.6036794,186.41965303685586,0.4044867753982544,False,False,False
1860,1788036753.6239288,181.59147839408521,0.40537261962890625,False,False,False
1861,1788036753.6700172,176.36707870463226,0.41621899604797363,False,False,False
1862,1788036753.6974306,171.9022275839054,0.41644287109375,False,False,False
1863,1788036753.738117,166.9791540873021,0.38593149185180664,False,False,False
1864,1788036753.760027,160.59554504512917,0.3715659976005554,False,False,False
1865,1788036753.7937527,154.72462525846024,0.30992427468299866,False,False,False
1866,1788036753.8271954,155.9026329200572,0.2716153860092163,False,False,False
1867,1788036753.859184,155.320446178458,0.23938000202178955,False,False,False
1868,1788036753.90909,160.84266904081616,0.23262012004852295,False,False,False
1869,1788036753.926522,164.43406257350813,0.2611261010169983,False,False,False
1870,1788036753.9752295,177.18032376902184,0.29729193449020386,False,False,False
1871,1788036754.011808,181.79793677657977,0.2646636664867401,False,False,False
1985,1788036759.418724,187.76165815361585,0.38842135667800903,True,True,True
1986,1788036759.4425182,184.5642452938876,0.4114299714565277,True,True,True
1987,1788036759.4775658,196.72600353843808,0.39850229024887085,True,True,True
1988,1788036759.5057933,200.5007332158216,0.4227018356323242,True,True,True
1989,1788036759.5418973,204.49829422396118,0.4457123577594757,True,True,True
1990,1788036759.5693917,203.87545739999396,0.4649452567100525,True,True,True
1991,1788036759.6154022,197.07693172024585,0.4523891806602478,True,True,True
1992,1788036759.6488876,202.02984091949085,0.48777925968170166,True,True,True
1993,1788036759.6823711,200.366584316196,0.47841736674308777,True,True,True
1994,1788036759.7162123,202.24673674930736,0.48455166816711426,True,True,True
1995,1788036759.746674,207.3371951032086,0.4751410484313965,True,True,True
1996,1788036759.7671764,207.0935193951697,0.4785814881324768,True,True,True
1997,1788036759.8044734,205.71866022676846,0.5035917162895203,True,True,True
1998,1788036759.8484194,203.46067782214607,0.517187774181366,True,True,True
1999,1788036759.8866146,198.57848041924652,0.524513840675354,False,True,True
2000,1788036759.9202788,197.0279989518282,0.5143084526062012,False,False,False
2001,1788036759.9544277,196.23042388736198,0.5154596567153931,False,False,False
2002,1788036759.9850976,197.30118510046796,0.514542281627655,False,False,False
2003,1788036760.0208735,195.85747834525534,0.5201670527458191,False,False,False
2004,1788036760.0542116,193.47411790955468,0.5160607695579529,False,False,False
2005,1788036760.0885422,192.1080854277096,0.5122371912002563,False,False,False
2006,1788036760.1060557,193.03627722869683,0.5164828896522522,False,False,False
2007,1788036760.1454751,191.9621638035927,0.5136498212814331,False,False,False
2008,1788036760.1785355,193.1555608903474,0.5148422122001648,False,False,False
2009,1788036760.2127976,192.65833072479722,0.5137313008308411,False,False,False
2010,1788036760.2600563,197.4314518863901,0.5290765166282654,False,False,False
2011,1788036760.2933464,198.4720561742045,0.5300813317298889,False,False,False
2012,1788036760.32795,198.93168912875942,0.5304263830184937,False,False,False
2013,1788036760.361325,198.93341138043274,0.5210439562797546,False,False,False
2014,1788036760.3788445,203.8513700865237,0.5229540467262268,False,False,False
2015,1788036760.4269047,204.16510005467993,0.5222840905189514,False,False,False
2016,1788036760.4604273,209.9528977082212,0.5267294049263,False,False,False
2017,1788036760.4796777,213.09589029163334,0.5225548148155212,False,False,False
2018,1788036760.530215,218.32881668067773,0.5237324833869934,False,False,False
2019,1788036760.5638075,217.58135603287835,0.515029788017273,False,False,False
2020,1788036760.596452,221.98389832266764,0.5261139869689941,False,False,False
2021,1788036760.6164722,224.65403777890273,0.5198708176612854,False,False,False
2022,1788036760.6607995,236.06174905188684,0.5167577266693115,False,False,False
2023,1788036760.6932173,236.39617925078218,0.5182955265045166,False,False,False
2024,1788036760.7143788,239.42181531104617,0.516414999961853,False,False,False
2025,1788036760.760699,242.9762309135588,0.5181738138198853,False,False,False
2026,1788036760.796861,246.73973838101057,0.5150993466377258,False,False,False
2027,1788036760.8178508,249.96264241387718,0.5155850052833557,False,False,False
2028,1788036760.8638039,254.52504749886785,0.5152193307876587,False,False,False
2029,1788036760.883133,257.52086146199196,0.5171648263931274,False,False,False
2030,1788036760.918653,257.5905129124134,0.5161844491958618,False,False,False
2031,1788036760.965938,261.4636370812058,0.518673300743103,False,False,False
2032,1788036760.9993467,263.9579312853548,0.5264789462089539,False,False,False
2033,1788036761.0328434,264.8580097389858,0.515727698802948,False,False,False
2034,1788036761.0662596,275.842231616944,0.5138102173805237,False,False,False
2035,1788036761.0836842,280.9908649141341,0.5144397616386414,False,False,False
2036,1788036761.1329231,286.43898032695745,0.514198899269104,False,False,False
2037,1788036761.1672418,291.35767272817736,0.509303092956543,False,False,False
2038,1788036761.2013206,294.55529967099153,0.5109299421310425,False,False,False
2039,1788036761.2358794,298.03298910912275,0.5012081861495972,False,False,False
2040,1788036761.2684095,300.75315355140975,0.4867212772369385,False,False,False
2041,1788036761.2875814,301.62921640741456,0.48595601320266724,False,False,False
2042,1788036761.337219,302.8533895937463,0.4676092863082886,False,False,False
2043,1788036761.370741,307.1614092213394,0.46862107515335083,False,False,False
2044,1788036761.404456,308.4717498701241,0.4356980323791504,False,False,False
2045,1788036761.43797,312.4133060448892,0.4501767158508301,False,False,False
2046,1788036761.4717994,316.8135097211361,0.4452090859413147,False,False,False
2047,1788036761.4917233,317.7887785381414,0.4145140051841736,False,False,False
2048,1788036761.5397322,319.334614166695,0.3998251259326935,False,False,False
2049,1788036761.5740178,319.7345767622986,0.3660471737384796,False,False,False
2050,1788036761.608657,322.38368226235565,0.3623812794685364,False,False,False
2051,1788036761.6422675,324.075096137997,0.3563617169857025,False,False,False
2052,1788036761.6758134,325.62648341904463,0.3538307547569275,False,False,False
2053,1788036761.7056074,325.4957074079394,0.36113154888153076,False,False,False
2054,1788036761.7293637,325.79124679148833,0.35254132747650146,False,False,False
2055,1788036761.7741563,325.43369943198866,0.3545851707458496,False,False,False
2056,1788036761.8103042,325.91334763824625,0.40034550428390503,False,False,False
2057,1788036761.843897,322.74648261647474,0.41952061653137207,False,False,False
2058,1788036761.8741252,312.75956648877826,0.424728125333786,False,False,False
2059,1788036761.904607,303.2942679902319,0.45930176973342896,False,False,False
2060,1788036761.9415803,293.24618527960496,0.4584594964981079,False,False,False
2061,1788036761.9630945,279.9627392928769,0.47497227787971497,False,False,False
2062,1788036761.9992158,268.6366273085036,0.4892367124557495,False,False,False
2063,1788036762.0308218,257.7021210859726,0.48719581961631775,False,False,False
2064,1788036762.081112,258.37710127326653,0.4851166307926178,False,True,True
2065,1788036762.1156747,247.42190002062446,0.480997771024704,False,True,True
2066,1788036762.1492217,238.16939616024771,0.4862806499004364,False,True,True
2067,1788036762.1693811,231.35505422984707,0.48974889516830444,False,False,False
2068,1788036762.2131524,224.15293593465182,0.4971948564052582,False,False,False
2069,1788036762.2514002,217.03057107587546,0.4971000552177429,False,False,False
2070,1788036762.269074,202.56627653994437,0.49191075563430786,False,False,False
2071,1788036762.3194134,195.3544552147741,0.48878419399261475,False,False,False
2072,1788036762.3542469,188.67592918262685,0.4956337809562683,False,False,False
2073,1788036762.3733523,185.53049118128118,0.4962849020957947,False,False,False
2074,1788036762.4177594,178.74785786397743,0.4774559736251831,False,False,False
2075,1788036762.4528942,178.66446344237443,0.47053220868110657,False,False,False
2076,1788036762.4845364,173.5666959105255,0.4583069682121277,False,False,False
2077,1788036762.5134835,169.49159076259875,0.45201796293258667,False,False,False
2078,1788036762.5447931,169.26758439352835,0.4407699704170227,False,False,False
2079,1788036762.589758,171.5298917703323,0.45592623949050903,False,False,False
2080,1788036762.6249661,174.4649708787843,0.4601443409919739,False,False,False
2081,1788036762.6431766,181.5718758709425,0.433064341545105,False,False,False
2082,1788036762.6924782,189.27749524953026,0.42038261890411377,False,False,False
2083,1788036762.7103052,180.62327540526562,0.33713001012802124,False,False,False
2084,1788036762.7565467,184.05757656566513,0.33749446272850037,False,False,False
2085,1788036762.7762754,171.8690464234741,0.3364907205104828,False,False,False
2127,1788036764.7458417,147.9178024492647,0.32150495052337646,True,True,True
2128,1788036764.7691288,173.5915325291204,0.38642799854278564,True,True,True
2129,1788036764.79339,177.73542658693086,0.40233874320983887,True,True,True
2130,1788036764.8385313,179.31146833628358,0.3974408507347107,True,True,True
2131,1788036764.8734741,178.14710308466925,0.42758262157440186,True,True,True
2132,1788036764.9070635,178.81761675772685,0.41877931356430054,True,True,True
2133,1788036764.9300108,183.50381807853216,0.4215063452720642,True,True,True
2134,1788036764.9757862,186.6517385832717,0.4212293326854706,True,True,True
2135,1788036765.0102947,182.59910576786842,0.414568692445755,True,True,True
2136,1788036765.0436869,170.30070258978978,0.4326314926147461,False,True,True
2137,1788036765.0678346,169.96347195236078,0.4527544379234314,False,True,True
2138,1788036765.112722,168.5922637205683,0.45077550411224365,False,True,True
2139,1788036765.1425955,167.75616758549663,0.461614191532135,False,True,True
2140,1788036765.1781778,171.4363798486952,0.4745858907699585,False,True,True
2141,1788036765.201241,171.33832060191637,0.4706902503967285,False,True,True
2142,1788036765.2483156,173.6476899921307,0.4581267833709717,False,False,False
2143,1788036765.2825708,190.25980212811626,0.46667760610580444,False,False,False
2144,1788036765.3145888,205.6737269974308,0.46357694268226624,False,False,False
2145,1788036765.3499906,221.39827579158154,0.46506235003471375,False,False,False
2146,1788036765.3835917,237.62377042489956,0.48208701610565186,False,False,False
2147,1788036765.4177065,249.36270425659143,0.47265517711639404,False,False,False
2148,1788036765.4512477,266.2700281758006,0.45686402916908264,False,False,False
2149,1788036765.4855795,292.7594137515448,0.43307286500930786,True,False,True
2150,1788036765.5034711,310.80716725778564,0.36901575326919556,True,False,True
2151,1788036765.5528486,323.275411566499,0.30485397577285767,True,False,True
2152,1788036765.5858674,331.94749826046177,0.28273189067840576,True,False,True
2153,1788036765.6052582,352.2149380180675,0.3029502332210541,True,False,True
2154,1788036765.6513495,368.74915947856675,0.30052947998046875,True,False,True
2187,1788036767.3440094,343.16682078107556,0.2959463894367218,True,True,True
2188,1788036767.361103,340.6479290001115,0.26954787969589233,True,True,True
2189,1788036767.414014,343.08716644476647,0.27532660961151123,True,True,True
2190,1788036767.4455354,348.90915875651996,0.2751457095146179,True,True,True
2191,1788036767.4824872,353.63572261884326,0.26030758023262024,True,True,True
2192,1788036767.5157623,359.6594787442044,0.270330548286438,True,True,True
2193,1788036767.5491936,362.1070773719216,0.28121423721313477,True,True,True
2194,1788036767.5814266,362.7476015046284,0.28981584310531616,True,False,True
2195,1788036767.603048,357.64386595492675,0.26564139127731323,True,True,True
2196,1788036767.652669,353.7767385986597,0.277477502822876,True,True,True
2197,1788036767.6835427,350.5372758055745,0.2808051109313965,True,True,True
2198,1788036767.717956,344.40201647978256,0.30245253443717957,False,True,True
2199,1788036767.7526734,339.8103939396771,0.31503504514694214,False,True,True
2200,1788036767.7739673,335.7978473512072,0.3001810312271118,False,True,True
2201,1788036767.8211868,332.7136625226129,0.29211342334747314,False,False,False
2202,1788036767.855989,333.6924980868395,0.3032080829143524,False,False,False
2203,1788036767.8817441,334.8276075623724,0.3043632507324219,False,False,False
2204,1788036767.9247546,334.01410022630785,0.30037787556648254,False,False,False
2205,1788036767.9445124,333.0622443326523,0.3036886751651764,False,False,False
2206,1788036767.9917064,331.7878523015163,0.2966552674770355,False,False,False
2207,1788036768.0252686,331.46058427984434,0.30296817421913147,False,False,False
2208,1788036768.059117,329.7950575604434,0.2996205687522888,False,False,False
2209,1788036768.09275,329.5408520521152,0.30775952339172363,False,False,False
2210,1788036768.1113565,327.31434871185917,0.3027389943599701,False,False,False
2211,1788036768.1626096,323.88717897803605,0.29288795590400696,False,False,False
2212,1788036768.1803823,319.75271004401304,0.31339940428733826,False,False,False
2213,1788036768.2261345,316.2159643360149,0.3325396776199341,False,False,False
2214,1788036768.2569842,302.75440652509565,0.2690356969833374,False,False,False
2215,1788036768.297943,278.88098528140335,0.201915442943573,False,False,False
2220,1788036768.5358288,240.9031439179824,0.3043820858001709,False,False,False
2221,1788036768.5554616,283.0445721913807,0.37045323848724365,False,False,False
2222,1788036768.5983179,308.26739434659754,0.46450433135032654,False,False,False
2223,1788036768.6239755,306.08322312731485,0.42965030670166016,False,False,False
2224,1788036768.6569023,305.8042675726801,0.3694881796836853,False,False,False
2225,1788036768.6914282,303.78417423169265,0.36446869373321533,False,True,True
2226,1788036768.7351081,307.78340767306855,0.3593548834323883,True,True,True
2227,1788036768.7707086,311.0961245393932,0.3687525987625122,True,True,True
2228,1788036768.8027692,317.3243847519542,0.3690810799598694,True,False,True
2229,1788036768.8321342,318.2632936343244,0.35088086128234863,True,False,True
2230,1788036768.8643894,319.43621999468115,0.35182178020477295,True,False,True
2231,1788036768.9023051,320.8803537052585,0.35766616463661194,True,False,True
2232,1788036768.9380298,320.6606381890475,0.35022422671318054,True,False,True
2233,1788036768.974227,313.0596042396486,0.32616162300109863,True,False,True
2234,1788036769.007496,313.60382155398355,0.33244070410728455,False,False,False
2235,1788036769.0270076,308.59712184191375,0.3197796940803528,False,False,False
2236,1788036769.0753052,306.30084167132026,0.3270949125289917,False,False,False
2237,1788036769.1086857,304.8701358261144,0.32310688495635986,False,False,False
2238,1788036769.126266,302.7700747409383,0.31253761053085327,False,False,False
2239,1788036769.1698093,303.59715006980025,0.3097383379936218,False,False,False
2240,1788036769.2101746,302.54163243106655,0.31208276748657227,False,False,False
2241,1788036769.2410555,303.6222619150613,0.31431156396865845,False,False,False
2242,1788036769.2665606,302.7073350596746,0.311442106962204,False,False,False
2243,1788036769.3112876,302.0885797237441,0.3140277862548828,False,False,False
2244,1788036769.3449192,302.72074843436525,0.30951517820358276,False,False,False
2245,1788036769.3769255,303.87617836328525,0.3078264892101288,False,False,False
2246,1788036769.4130628,304.33235210036753,0.3073815405368805,False,False,False
2247,1788036769.4480348,306.05876070374063,0.30807921290397644,False,False,False
2248,1788036769.481595,309.56672475898387,0.3134688436985016,False,False,False
2249,1788036769.5149093,312.1782900366261,0.3157730996608734,False,False,False
2250,1788036769.5446262,314.07846481260685,0.3243104815483093,False,False,False
2251,1788036769.5832283,316.28491483800883,0.3176969289779663,False,False,False
2252,1788036769.6154442,318.5323658230059,0.3198649287223816,False,False,False
2253,1788036769.6517146,324.0808083091685,0.3281359076499939,False,False,False
2254,1788036769.6856372,322.61449771444165,0.25390973687171936,False,False,False
2255,1788036769.719474,324.5799454898403,0.25498494505882263,False,False,False
2256,1788036769.7530053,312.16341861369847,0.22819197177886963,False,False,False
2257,1788036769.786891,251.85462737275867,0.18776416778564453,False,False,False
2260,1788036769.9224315,128.23754778266044,0.5352108478546143,False,False,False
2261,1788036769.958016,132.19452901087627,0.580720067024231,False,False,False
2262,1788036770.0013857,136.70627212049516,0.5313599705696106,False,False,False
2263,1788036770.0355372,161.4861277601778,0.5202204585075378,False,False,False
2264,1788036770.067328,182.85923383178232,0.5267744660377502,False,False,False
2265,1788036770.1082404,223.59452753680048,0.4837523400783539,False,True,True
2266,1788036770.1260157,250.97823146030774,0.44586601853370667,False,True,True
2267,1788036770.1618457,272.27993948222746,0.4386085569858551,False,False,False
2268,1788036770.2113018,280.4802835978812,0.4048483967781067,False,False,False
2269,1788036770.2466981,289.88347323625004,0.3811146914958954,False,False,False
2270,1788036770.2889314,288.29428347273114,0.387995183467865,True,False,True
2271,1788036770.3244126,287.95719470975143,0.3745865225791931,True,False,True
2272,1788036770.3613691,287.8112761299499,0.36864998936653137,True,False,True
2273,1788036770.3920505,290.818515713765,0.3691945970058441,True,False,True
2274,1788036770.4336898,291.03340639787507,0.36994045972824097,True,False,True
2275,1788036770.4572232,293.93195357314664,0.36566880345344543,True,False,True
2276,1788036770.5030994,293.8006439702407,0.3581872880458832,True,False,True
2277,1788036770.5303657,292.90924956094534,0.3249797821044922,True,False,True
2278,1788036770.560061,295.3725366318355,0.33735132217407227,False,False,False
2279,1788036770.5945141,295.12506905365467,0.3308204412460327,False,False,False
2280,1788036770.6380303,296.10068571965996,0.3435385227203369,False,False,False
2281,1788036770.6745913,298.26292561386794,0.337144672870636,False,False,False
2282,1788036770.6940203,295.187743129598,0.32940569519996643,False,False,False
2283,1788036770.7434158,294.2409405364566,0.3365626335144043,False,False,False
2284,1788036770.7689867,293.8779170445043,0.3350033760070801,False,False,False
2285,1788036770.8105497,291.6174043702385,0.3372988700866699,False,False,False
2286,1788036770.8418534,290.4889990687413,0.3193327784538269,False,False,False
2287,1788036770.872389,285.4865001000251,0.31122514605522156,False,False,False
2288,1788036770.8978689,282.23228557782124,0.27259260416030884,False,False,False
2289,1788036770.9485905,276.3692417412409,0.22931374609470367,False,False,False
2290,1788036770.9816768,249.07403196161772,0.21425524353981018,False,False,False
2293,1788036771.1133306,166.16836837817698,0.5053756833076477,False,False,False
2294,1788036771.1429048,165.14827932264225,0.4179428517818451,False,False,False
2295,1788036771.1664755,133.21328107098583,0.3958655595779419,False,False,False
2296,1788036771.2024403,153.36576088202887,0.41404953598976135,False,False,False
2297,1788036771.2477942,181.26035794798503,0.4238290786743164,False,False,False
2298,1788036771.2773912,217.15426490299683,0.4122895896434784,False,False,False
2299,1788036771.3165016,235.6892431464445,0.3954353928565979,False,True,True
2300,1788036771.3459206,243.17867641075182,0.3834090828895569,False,False,False
2301,1788036771.3831127,250.00317442136887,0.3885471224784851,False,False,False
2302,1788036771.4166405,253.88897969931304,0.3939990997314453,False,False,False
2303,1788036771.4509268,255.80265140357136,0.40589195489883423,True,False,True
2304,1788036771.485353,256.53806314295866,0.4041176438331604,True,False,True
2305,1788036771.5188887,258.79291854748993,0.4161983132362366,True,True,True
2306,1788036771.552303,255.2614491274236,0.40130022168159485,True,False,True
2307,1788036771.581374,253.3074471003694,0.40354543924331665,True,False,True
2308,1788036771.6202753,251.8816878088637,0.4014472961425781,True,False,True
2309,1788036771.65161,247.19281306691602,0.3918460011482239,False,False,False
2310,1788036771.687788,246.2192811385562,0.3969828486442566,False,False,False
2311,1788036771.7224698,243.6315914128546,0.3920438885688782,False,False,False
2312,1788036771.7570496,241.2917545169705,0.38184815645217896,False,False,False
2313,1788036771.7858672,238.50925801647676,0.3826359808444977,False,False,False
2314,1788036771.8239312,234.93566011983654,0.3728271722793579,False,False,False
2315,1788036771.8583302,233.50232605245722,0.37670430541038513,False,False,False
2316,1788036771.882102,233.23766107418052,0.3688144385814667,False,False,False
2317,1788036771.9259934,232.86376438664314,0.36859244108200073,False,False,False
2318,1788036771.9585867,234.7469331576692,0.3668779730796814,False,False,False
2319,1788036771.9927294,236.18182643951644,0.36373651027679443,False,False,False
2320,1788036772.0253022,238.01719426500551,0.36625224351882935,False,False,False
2321,1788036772.058361,238.87757549378145,0.37846559286117554,False,False,False
2322,1788036772.093179,235.4506487594896,0.3705325722694397,False,False,False
2323,1788036772.1179018,232.51504365115682,0.35404983162879944,False,False,False
2324,1788036772.1592686,229.66064403542202,0.31126439571380615,False,False,False
2325,1788036772.1935987,177.88686103896805,0.09029087424278259,False,False,False
2331,1788036772.5002472,197.37565652037662,0.3448970913887024,False,False,False
2332,1788036772.5312786,201.1732006797514,0.35744407773017883,False,False,False
2333,1788036772.555075,209.967989971274,0.3967757523059845,False,False,False
2334,1788036772.5990765,218.06948885500952,0.4142076075077057,False,False,False
2335,1788036772.6322212,215.70153676300183,0.3906795382499695,False,False,False
2336,1788036772.6652515,218.3765365993998,0.4056621193885803,False,True,True
2337,1788036772.6985793,219.77068421013945,0.413591206073761,True,True,True
2338,1788036772.7235863,218.7217136532187,0.4003974199295044,True,True,True
2339,1788036772.770425,216.69444738617707,0.3804550766944885,True,True,True
2340,1788036772.7997203,214.06355663153482,0.3773699104785919,True,False,True
2341,1788036772.8358898,209.6221668209433,0.3624259829521179,False,False,False
2342,1788036772.8653226,208.87543041036116,0.34330618381500244,False,False,False
2343,1788036772.9064145,208.0600686653681,0.34511977434158325,False,False,False
2344,1788036772.9413023,207.79093669770356,0.33799034357070923,False,False,False
2345,1788036772.975306,206.25639411625818,0.3073562681674957,False,False,False
2346,1788036773.030502,217.04423287179617,0.3145112991333008,False,False,False
2347,1788036773.0635827,219.81184954365935,0.29153698682785034,False,False,False
2348,1788036773.1034632,223.35923225320485,0.28990688920021057,False,False,False
2349,1788036773.1386065,229.53630003734432,0.28735578060150146,False,False,False
2350,1788036773.1720831,232.3936817038936,0.2935347557067871,False,False,False
2351,1788036773.2069933,234.28483687183697,0.27668139338493347,False,False,False
2352,1788036773.2371333,238.59557321248505,0.27463823556900024,False,False,False
2353,1788036773.2781425,243.70025489719515,0.2809194326400757,False,False,False
2354,1788036773.3155043,247.61924433041077,0.28766366839408875,False,False,False
2355,1788036773.3351383,242.14632233734005,0.2648444175720215,False,False,False
2356,1788036773.383809,231.3253998232643,0.2485278844833374,False,False,False
2357,1788036773.4149096,231.7880234550416,0.23683905601501465,False,False,False
2364,1788036773.761302,209.2149613735431,0.33665740489959717,False,False,False
2365,1788036773.7871444,214.05312352142272,0.3498838543891907,False,False,False
2366,1788036773.8345625,223.15276533040608,0.3568093180656433,False,False,False
2367,1788036773.8724725,233.89226451287607,0.3625641465187073,False,False,False
2368,1788036773.902446,241.49793810628537,0.39210841059684753,False,True,True
2369,1788036773.9247024,242.10035541199213,0.37434276938438416,True,True,True
2370,1788036773.9595842,245.72107554783153,0.38187888264656067,True,True,True
2371,1788036773.9930305,246.63841675918553,0.37085098028182983,True,True,True
2372,1788036774.0256145,248.94604499928056,0.3728308081626892,True,True,True
2373,1788036774.0757928,252.2706638798392,0.3727512061595917,True,True,True
2374,1788036774.1073065,251.2674143440914,0.3654799461364746,True,False,True
2375,1788036774.1281905,253.1612134655826,0.3744969666004181,True,False,True
2376,1788036774.1616597,252.6952036627159,0.3715004026889801,True,False,True
2377,1788036774.2075927,252.95093891924114,0.3761911988258362,True,False,True
2378,1788036774.2402513,253.17236611873946,0.3751598596572876,False,False,False
2379,1788036774.2720122,250.76172712127854,0.3714645504951477,False,False,False
2380,1788036774.3049643,247.6168715770907,0.36609306931495667,False,False,False
2381,1788036774.3463552,245.92112377785986,0.3507303297519684,False,False,False
2382,1788036774.365119,242.80701494590053,0.346823126077652,False,False,False
2383,1788036774.4040878,237.9718024758248,0.3317315876483917,False,False,False
2384,1788036774.447908,226.5013625392999,0.30505430698394775,False,False,False
2385,1788036774.4802175,209.70166050204108,0.2597947120666504,False,False,False
2386,1788036774.5121863,159.82933675070413,0.20896902680397034,False,False,False
2388,1788036774.6020076,113.45307821959447,0.4234507083892822,False,False,False
2389,1788036774.6364965,130.78395006425825,0.46609193086624146,False,False,False
2390,1788036774.6730392,128.2880581719125,0.4542693495750427,False,False,False
2391,1788036774.707852,136.68365590274453,0.4791005551815033,False,False,False
2392,1788036774.7415938,132.80936219809297,0.46350717544555664,False,False,False
2393,1788036774.7880652,157.62658094711628,0.4201611876487732,False,False,False
2394,1788036774.8238418,166.7829106525833,0.36411160230636597,False,False,False
2395,1788036774.8674316,179.3591052849106,0.3589751124382019,False,False,False
2396,1788036774.8915088,179.57394082619243,0.35548558831214905,False,False,False
2397,1788036774.9264286,187.2948676279929,0.3603459894657135,False,False,False
2398,1788036774.969813,193.1703003395791,0.37969693541526794,False,False,False
2399,1788036775.0048432,195.87827321926758,0.3891405463218689,True,False,True
2400,1788036775.0376444,196.0241240075337,0.4026842713356018,True,False,True
2401,1788036775.0734172,194.54320714110963,0.3983938992023468,True,False,True
2402,1788036775.1021993,193.90023744675264,0.3927227854728699,True,False,True
2403,1788036775.1277213,193.13687518361286,0.3865462839603424,True,False,True
2404,1788036775.1615853,194.73840908249528,0.3888172209262848,True,False,True
2405,1788036775.1960654,195.14462765582618,0.3900982141494751,False,False,False
2406,1788036775.2299223,192.12376823593638,0.37763750553131104,False,False,False
2407,1788036775.2637906,192.5303066876701,0.37941211462020874,False,False,False
2408,1788036775.3129902,192.0225399337318,0.37300220131874084,False,False,False
2409,1788036775.33065,192.91103925438185,0.3660441040992737,False,False,False
2410,1788036775.3778806,195.63494916545176,0.3654560446739197,False,False,False
2411,1788036775.412523,193.68531533906616,0.35848891735076904,False,False,False
2412,1788036775.4300745,192.56268752676232,0.3551185727119446,False,False,False
2413,1788036775.463925,190.7298539656367,0.3519986569881439,False,False,False
2414,1788036775.5091882,193.25278761305736,0.3657906651496887,False,False,False
2415,1788036775.54082,195.86475340438176,0.37456321716308594,False,False,False
2416,1788036775.5649047,190.0682500628211,0.3622034192085266,False,False,False
2417,1788036775.6107836,187.44787902753788,0.34135520458221436,False,False,False
2418,1788036775.6314468,190.71774510361325,0.3485213816165924,False,False,False
2419,1788036775.678315,190.81847042645887,0.3467145562171936,False,False,False
2420,1788036775.7129946,184.29147933907683,0.3474474549293518,False,False,False
2421,1788036775.7363553,165.89939164074545,0.31580641865730286,False,False,False
2422,1788036775.7781608,153.7315438370179,0.29608213901519775,False,False,False
2423,1788036775.8154864,142.29730964149147,0.28349730372428894,False,False,False
2424,1788036775.8380084,111.93780894425939,0.25299492478370667,False,False,False
2425,1788036775.8736317,121.14059005755594,0.2813023328781128,False,False,False
2426,1788036775.9187574,145.204081360895,0.3224426805973053,False,False,False
2427,1788036775.938332,160.1609189670737,0.35769569873809814,False,False,False
2428,1788036775.981489,187.724191764744,0.35604751110076904,False,False,False
2429,1788036776.004835,228.6049705614016,0.34729114174842834,False,False,False
2430,1788036776.0489848,237.5511275929159,0.3675365746021271,False,False,False
2431,1788036776.072017,282.03520875043233,0.39257878065109253,False,False,False
2432,1788036776.1134086,283.13562992179726,0.4391140937805176,False,False,False
2433,1788036776.151041,252.97415696693,0.3965983986854553,True,False,True
2436,1788036776.2958307,163.72525756834878,0.4003359377384186,False,False,False
2437,1788036776.3331332,176.00643131956846,0.38873016834259033,False,False,False
2438,1788036776.3708737,211.576371070447,0.4056597948074341,False,False,False
2439,1788036776.3921633,255.5448625473768,0.40322616696357727,False,False,False
2440,1788036776.4368403,270.57278337578816,0.5131361484527588,False,False,False
2441,1788036776.4711764,231.41526543713155,0.4870009422302246,False,False,False
2442,1788036776.506392,186.65220695192514,0.41165605187416077,False,False,False
2443,1788036776.5276096,175.67474788973598,0.34903714060783386,False,True,True
2444,1788036776.5742567,187.34492940354917,0.3377722501754761,False,False,False
2445,1788036776.6078432,208.37951709888551,0.33000558614730835,False,False,False
2446,1788036776.656623,266.73577923765765,0.3643171191215515,False,False,False
2447,1788036776.692323,264.1044427893849,0.3867139220237732,True,False,True
2448,1788036776.7380176,240.04388813005454,0.38964444398880005,True,False,True
2449,1788036776.7729635,239.10554323015097,0.397887259721756,True,False,True
2450,1788036776.8048675,214.7723130349465,0.39275527000427246,False,False,False
2451,1788036776.8397465,188.4810744662335,0.37929466366767883,False,False,False
2452,1788036776.8735588,181.8784450746795,0.3847382962703705,False,False,False
2453,1788036776.8963895,201.44557525069465,0.3943634033203125,False,False,False
2454,1788036776.9361892,223.5412386206436,0.3868829309940338,False,False,False
2455,1788036776.975197,240.60001731152568,0.32572343945503235,False,False,False
2456,1788036777.0047567,253.9635124417977,0.3602510988712311,False,False,False
2457,1788036777.0355735,249.40159732747853,0.44102129340171814,False,False,False
2458,1788036777.0628757,199.42542966997797,0.4239768981933594,False,False,False
2459,1788036777.1085749,183.76968214128837,0.3868415951728821,False,False,False
2460,1788036777.1440532,198.24145135367692,0.3920862674713135,False,False,False
2461,1788036777.1635249,195.8291248511601,0.3886772394180298,False,False,False
2462,1788036777.2022889,218.2733758856838,0.38279426097869873,False,False,False
2463,1788036777.2471657,237.00856924345504,0.3810843825340271,False,False,False
2464,1788036777.2669592,233.29915457042918,0.3752383291721344,False,False,False
2465,1788036777.3181195,235.93342793856095,0.46986281871795654,False,False,False
2466,1788036777.363403,219.2526944841629,0.47276630997657776,False,False,False
2467,1788036777.3959777,206.9916154514974,0.46953052282333374,False,False,False
2468,1788036777.4332776,214.58727834978868,0.4426259696483612,False,False,False
2469,1788036777.4637995,228.8816736402022,0.4011952579021454,False,False,False
2470,1788036777.4942522,228.7183575441158,0.4268314242362976,False,False,False
2471,1788036777.533111,233.46776067343623,0.49418753385543823,False,False,False
2472,1788036777.5659335,230.82695287200912,0.4865769147872925,False,False,False
2473,1788036777.6006088,227.0997985686134,0.48196300864219666,False,False,False
2474,1788036777.6208243,231.12710583036755,0.4672655165195465,False,False,False
2475,1788036777.6545413,235.73875580609646,0.43682950735092163,False,False,False
2476,1788036777.7010038,242.82576343718733,0.45512163639068604,False,False,False
2477,1788036777.7375154,233.1639088419293,0.4401378035545349,False,False,False
2478,1788036777.7686243,237.8807044834693,0.477196604013443,False,False,False
2479,1788036777.803371,235.4534148648987,0.4867876172065735,False,False,False
2480,1788036777.8262813,231.6842479976614,0.48015692830085754,False,False,False
2481,1788036777.8709166,233.3933311958879,0.4595057964324951,False,False,False
2482,1788036777.9074473,230.7559199194884,0.44320276379585266,False,False,False
2483,1788036777.9391909,229.40993696957563,0.442638099193573,False,False,False
2484,1788036777.9668212,228.21701002058586,0.4466317892074585,False,False,False
2485,1788036778.0090442,229.31497445682984,0.451583594083786,False,False,False
2486,1788036778.0266988,229.57187618230435,0.4487951993942261,False,False,False
2487,1788036778.0743585,228.8737359972965,0.4394976496696472,False,False,False
2488,1788036778.1093936,231.04016190762334,0.4375990629196167,False,False,False
2489,1788036778.1430504,231.28413498060598,0.42971837520599365,False,False,False
2490,1788036778.1764317,232.71221494604742,0.43033647537231445,False,False,False
2491,1788036778.2109342,234.83419833193548,0.43140077590942383,False,False,False
2492,1788036778.2446456,237.32064061294457,0.43752387166023254,False,False,False
2493,1788036778.2780542,237.45496350453607,0.4346258044242859,False,False,False
2494,1788036778.2970712,234.76705603588294,0.4306876063346863,False,False,False
2495,1788036778.3455784,237.5140832259806,0.43722185492515564,False,False,False
2496,1788036778.3791976,234.8224716979257,0.43451201915740967,False,False,False
2497,1788036778.4122417,230.6000532844045,0.4415622651576996,False,False,False
2498,1788036778.4468274,233.970981608269,0.4827360510826111,False,False,False
2499,1788036778.4800355,236.9634555042,0.5186583995819092,False,False,False
2500,1788036778.513507,234.2843273694439,0.520583987236023,False,False,False
2501,1788036778.547261,234.6347982943479,0.5034315586090088,False,False,False
2502,1788036778.5808527,241.58291506210045,0.47413504123687744,False,False,False
2503,1788036778.6149635,244.2254565420318,0.4428535997867584,False,False,False
2504,1788036778.6465583,235.3107006911326,0.42768412828445435,False,False,False
2505,1788036778.6833782,241.5652375980936,0.5260905027389526,False,False,False
2506,1788036778.7164097,239.16399227142117,0.5250574350357056,False,False,False
2507,1788036778.7489154,234.13776212006076,0.5171416997909546,False,False,False
2508,1788036778.784253,234.77775515457853,0.5081819295883179,False,False,False
2509,1788036778.8197486,237.02153477989268,0.48609641194343567,False,False,False
2510,1788036778.837471,231.71797924079868,0.47746700048446655,False,False,False
2511,1788036778.8814812,237.14288080334185,0.5078917741775513,False,False,False
2512,1788036778.9048214,235.50632784032493,0.5479288101196289,False,False,False
2513,1788036778.9394717,230.79146007423049,0.5459184646606445,False,False,False
2514,1788036778.9749348,226.02993627561725,0.5108991265296936,False,False,False
2515,1788036779.0234942,212.37205855175833,0.40867263078689575,False,False,False
2516,1788036779.0431588,172.97935268998899,0.2358897626399994,False,False,False
2517,1788036779.0908935,179.01148241003978,0.30688074231147766,False,False,False
2518,1788036779.1203654,174.2932195948122,0.3150610625743866,False,False,False
2519,1788036779.1556683,190.22621814004492,0.3861769437789917,False,False,False
2520,1788036779.1848314,218.93256856902232,0.385114461183548,False,False,False
2521,1788036779.2192056,236.07788293799067,0.43878012895584106,False,False,False
2522,1788036779.256193,254.93195461362524,0.45025134086608887,False,False,False
2523,1788036779.2922716,270.20014702021075,0.47218573093414307,False,False,False
2524,1788036779.3283026,280.3860795710488,0.48903200030326843,False,False,False
2525,1788036779.357862,287.7417660877777,0.49658113718032837,False,False,False
2526,1788036779.3960295,297.11547505243595,0.5051432847976685,False,False,False
2527,1788036779.413561,305.6157491361277,0.506028413772583,True,False,True
2528,1788036779.4639094,309.39613214147965,0.5114203691482544,True,True,True
2529,1788036779.4825087,310.20873169604147,0.5084299445152283,True,True,True
2530,1788036779.5283287,311.594544295708,0.5083701014518738,True,True,True
2531,1788036779.5519094,311.4392220018258,0.5080427527427673,True,True,True
2532,1788036779.5997493,310.80492637812614,0.5113770961761475,True,True,True
2533,1788036779.6347976,308.26259246326345,0.513666033744812,True,False,True
2534,1788036779.6661856,305.5077541048938,0.5145694017410278,False,False,False
2535,1788036779.701713,278.64978835785297,0.5226777195930481,False,False,False
2536,1788036779.7509832,269.48349062490223,0.5284544825553894,False,False,False
2537,1788036779.7849874,259.92856054603334,0.5275658369064331,False,False,False
2538,1788036779.8024788,249.9172255093486,0.5277251601219177,False,False,False
2539,1788036779.8360476,239.12894656863125,0.5366865992546082,False,False,False
2540,1788036779.8839133,229.91599695299948,0.5412923693656921,False,False,False
2541,1788036779.9195125,222.26946439244895,0.5315492153167725,False,False,False
2542,1788036779.951246,214.8620664838507,0.5256850123405457,False,False,False
2543,1788036779.985439,205.74329285600206,0.5252604484558105,False,False,False
2544,1788036780.017348,198.5812460636388,0.5296645164489746,False,False,False
2545,1788036780.0502024,191.26262136339167,0.5313870310783386,False,False,False
2546,1788036780.0891922,183.18583174581877,0.5286547541618347,False,False,False
2547,1788036780.1187563,177.8210001908903,0.5286089777946472,False,False,False
2548,1788036780.1569579,170.99484740698261,0.5265882015228271,False,False,False
2549,1788036780.1905828,163.577412846123,0.5268080234527588,False,False,False
2550,1788036780.2236342,155.904065731566,0.5298718810081482,False,False,False
2551,1788036780.2598004,152.01072425648664,0.5312308669090271,False,False,False
2552,1788036780.2899365,147.20314398527643,0.5323739647865295,False,False,False
2553,1788036780.3279536,142.68509823112225,0.5326330661773682,False,False,False
2554,1788036780.3501685,139.5536749343184,0.5327492952346802,False,False,False
2555,1788036780.4004483,133.818944814665,0.5412610769271851,False,False,False
2556,1788036780.4326897,133.59042007702996,0.5378425717353821,False,False,False
2557,1788036780.4687488,131.76115449784385,0.5281444787979126,False,False,False
2558,1788036780.4973204,134.72098702561934,0.5265219807624817,False,False,False
2559,1788036780.5204525,136.66397272479145,0.5243801474571228,False,False,False
2560,1788036780.5681808,142.5414497151344,0.5193328261375427,False,False,False
2561,1788036780.60165,145.09801367595725,0.5026831030845642,False,False,False
2562,1788036780.6252654,146.89279377671608,0.5031383037567139,False,False,False
2563,1788036780.6681714,159.38164379398953,0.48749038577079773,False,False,False
2564,1788036780.701696,146.18470541249263,0.4511232078075409,False,False,False
2565,1788036780.7232907,142.75440021701792,0.4522547125816345,False,False,False
2566,1788036780.769874,142.96660708182628,0.462276816368103,False,False,False
2567,1788036780.8061147,135.96824952274534,0.4162503778934479,False,False,False
2591,1788036781.894123,132.62975215451394,0.439413458108902,True,True,True
2592,1788036781.9245622,138.59470905832157,0.4784034490585327,True,True,True
2593,1788036781.9622462,152.31790364516795,0.5291229486465454,True,True,True
2594,1788036781.9965274,140.4504719681684,0.5515456199645996,True,True,True
2595,1788036782.0304065,137.7218929049902,0.5669345855712891,True,True,True
2596,1788036782.063624,134.28068286936764,0.5666977167129517,True,True,True
2597,1788036782.0982754,132.73028643337983,0.5736369490623474,True,True,True
2598,1788036782.1319304,129.38622318473267,0.5694842338562012,False,True,True
2599,1788036782.1651518,130.23896168222643,0.578874945640564,False,True,True
2600,1788036782.1988723,134.4971494401283,0.5852329134941101,False,True,True
2601,1788036782.224833,142.2912150422133,0.5924887657165527,False,True,True
2602,1788036782.2570615,144.7059727263709,0.5847041010856628,True,True,True
2603,1788036782.2975242,150.77791130600227,0.5830042362213135,True,True,True
2604,1788036782.3350163,157.3397984354825,0.5796746015548706,True,True,True
2605,1788036782.3633962,165.8506668822245,0.5961441993713379,False,True,True
2606,1788036782.4027874,172.67000984619554,0.5984386205673218,False,False,False
2607,1788036782.4342115,181.2537511590329,0.5961382389068604,False,False,False
2608,1788036782.4670057,190.8072928074898,0.5859690308570862,False,False,False
2609,1788036782.4996219,199.97438698080762,0.5788480043411255,True,False,True
2610,1788036782.5440257,208.05221415271416,0.5811683535575867,True,False,True
2611,1788036782.5763063,217.45686262662397,0.5672157406806946,True,False,True
2612,1788036782.6124318,227.4622775137953,0.5557783842086792,True,False,True
2613,1788036782.6462908,237.38634839594812,0.5491882562637329,True,False,True
2614,1788036782.6807373,246.05816369213952,0.5452607870101929,True,False,True
2615,1788036782.7148855,253.98042425589833,0.5326511859893799,True,False,True
2616,1788036782.749018,261.929334718382,0.5183397531509399,True,False,True
2617,1788036782.76949,271.2528260098482,0.5365135669708252,True,False,True
2618,1788036782.8175478,279.3262589993471,0.5245487689971924,True,False,True
2619,1788036782.851741,288.5055396329853,0.5225009322166443,True,False,True
2620,1788036782.8851671,296.73396562015694,0.5366150140762329,True,False,True
2621,1788036782.9195588,303.09105214979513,0.531612753868103,True,False,True
2622,1788036782.9371147,308.82837800861506,0.5115458965301514,True,False,True
2623,1788036782.987565,313.1486664323152,0.511570394039154,True,False,True
2624,1788036783.0066447,313.5674466852854,0.5110169053077698,True,False,True
2625,1788036783.0542674,311.3437678094119,0.5056676864624023,True,False,True
2626,1788036783.0880854,304.83996293340584,0.5166511535644531,False,False,False
2627,1788036783.123995,294.2353461320468,0.5164214968681335,False,False,False
2628,1788036783.1535053,281.15090039127693,0.512208104133606,False,False,False
2629,1788036783.1892905,264.7011946145095,0.5324587821960449,False,False,False
2630,1788036783.2246919,247.8343080111035,0.5220502018928528,False,False,False
2631,1788036783.258293,229.6671681723686,0.5356303453445435,False,False,False
2632,1788036783.290282,209.31689735338185,0.5465371012687683,False,False,False
2633,1788036783.323453,188.79886393978646,0.5352944135665894,False,False,False
2634,1788036783.3519945,165.60075579441272,0.5256257653236389,False,False,False
2635,1788036783.3924174,148.82767092390912,0.5264792442321777,False,False,False
2636,1788036783.4237113,136.04189423426624,0.5488784313201904,False,False,False
2637,1788036783.457202,116.95224019283353,0.5047918558120728,False,False,False
2638,1788036783.4920232,136.98669274608858,0.4881301522254944,False,False,False
2650,1788036784.0890203,410.14151503786866,0.07032939046621323,False,False,False
2651,1788036784.1222653,411.4226213654372,0.06705549359321594,True,False,True
2652,1788036784.153754,412.9244553032203,0.07680457085371017,True,False,True
2653,1788036784.1877885,414.1877803925176,0.062267474830150604,True,False,True
2654,1788036784.2237248,407.5769843605884,0.0910923182964325,True,True,True
2668,1788036784.8861766,96.66118004695117,0.06344852596521378,False,False,False
2669,1788036784.9295638,99.62803056553494,0.06467390060424805,False,True,True
2670,1788036784.9594665,95.73593087429944,0.05987544357776642,True,True,True
2671,1788036784.9958405,101.55460709505627,0.04863615334033966,True,True,True
2672,1788036785.026008,107.73976318747438,0.06840165704488754,True,True,True
2673,1788036785.0539434,112.75549087386283,0.052007999271154404,True,True,True
2674,1788036785.1019723,111.52935460479381,0.06516405194997787,True,True,True
2675,1788036785.1204531,114.76128945893258,0.10760147869586945,True,True,True
2758,1788036789.185537,261.81905123286106,0.14744573831558228,True,True,True
2759,1788036789.215177,273.1124980181242,0.06276949495077133,True,True,True
2760,1788036789.2369614,277.97445246764664,0.07289769500494003,True,True,True
2761,1788036789.2856212,279.6885510064716,0.07973786443471909,True,True,True
2762,1788036789.3126817,290.3134207240368,0.09037160873413086,True,True,True
2763,1788036789.3462243,295.0655408241391,0.08375600725412369,True,True,True
2764,1788036789.3667958,295.98417144859036,0.08741268515586853,True,True,True
2765,1788036789.4116611,297.1093619155354,0.08664928376674652,True,False,True
2766,1788036789.4326885,291.64094215465497,0.08834194391965866,True,True,True
2767,1788036789.468556,288.83743048900646,0.08394339680671692,True,True,True
2768,1788036789.5167134,288.86888493663724,0.0795702338218689,True,False,True
2769,1788036789.534019,296.9007216275387,0.08714675903320312,False,False,False
2770,1788036789.5858054,294.46697691615157,0.08478444814682007,False,False,False
2771,1788036789.6111774,294.85972804362905,0.08745918422937393,False,False,False
2772,1788036789.6517515,294.12185730790844,0.09567664563655853,False,False,False
2773,1788036789.6860366,297.27735723372984,0.08327698707580566,False,False,False
2774,1788036789.7195203,301.50694413398,0.0767534077167511,False,False,False
2775,1788036789.7526329,309.0198336201031,0.07860888540744781,False,False,False
2776,1788036789.785114,326.7832399911566,0.08921409398317337,False,False,False
2777,1788036789.819655,363.4946318496672,0.14816278219223022,False,False,False
